step,id,pos,state
0,1,"(1,)",0
0,2,"(2,)",0
0,3,"(3,)",0
0,4,"(4,)",0
0,5,"(5,)",0
0,6,"(6,)",0
0,7,"(7,)",0
0,8,"(8,)",0
0,9,"(9,)",0
0,10,"(10,)",0
0,11,"(11,)",0
0,12,"(12,)",0
0,13,"(13,)",0
0,14,"(14,)",0
0,15,"(15,)",0
0,16,"(16,)",0
0,17,"(17,)",0
0,18,"(18,)",0
0,19,"(19,)",0
0,20,"(20,)",0
0,21,"(21,)",0
0,22,"(22,)",0
0,23,"(23,)",0
0,24,"(24,)",0
0,25,"(25,)",0
0,26,"(26,)",0
0,27,"(27,)",0
0,28,"(28,)",0
0,29,"(29,)",0
0,30,"(30,)",0
0,31,"(31,)",0
0,32,"(32,)",0
0,33,"(33,)",0
0,34,"(34,)",0
0,35,"(35,)",0
0,36,"(36,)",0
0,37,"(37,)",0
0,38,"(38,)",0
0,39,"(39,)",0
0,40,"(40,)",0
0,41,"(41,)",0
0,42,"(42,)",0
0,43,"(43,)",0
0,44,"(44,)",0
0,45,"(45,)",0
0,46,"(46,)",0
0,47,"(47,)",0
0,48,"(48,)",0
0,49,"(49,)",0
0,50,"(50,)",0
0,51,"(51,)",0
0,52,"(52,)",0
0,53,"(53,)",0
0,54,"(54,)",0
0,55,"(55,)",0
0,56,"(56,)",0
0,57,"(57,)",0
0,58,"(58,)",0
0,59,"(59,)",0
0,60,"(60,)",0
0,61,"(61,)",0
0,62,"(62,)",0
0,63,"(63,)",0
0,64,"(64,)",0
0,65,"(65,)",0
0,66,"(66,)",0
0,67,"(67,)",0
0,68,"(68,)",0
0,69,"(69,)",0
0,70,"(70,)",0
0,71,"(71,)",0
0,72,"(72,)",0
0,73,"(73,)",0
0,74,"(74,)",0
0,75,"(75,)",0
0,76,"(76,)",0
0,77,"(77,)",0
0,78,"(78,)",0
0,79,"(79,)",0
0,80,"(80,)",0
0,81,"(81,)",0
0,82,"(82,)",0
0,83,"(83,)",0
0,84,"(84,)",0
0,85,"(85,)",0
0,86,"(86,)",0
0,87,"(87,)",0
0,88,"(88,)",0
0,89,"(89,)",0
0,90,"(90,)",0
0,91,"(91,)",0
0,92,"(92,)",0
0,93,"(93,)",0
0,94,"(94,)",0
0,95,"(95,)",0
0,96,"(96,)",0
0,97,"(97,)",0
0,98,"(98,)",0
0,99,"(99,)",0
0,100,"(100,)",0
0,101,"(101,)",1
1,1,"(1,)",0
1,2,"(2,)",0
1,3,"(3,)",0
1,4,"(4,)",0
1,5,"(5,)",0
1,6,"(6,)",0
1,7,"(7,)",0
1,8,"(8,)",0
1,9,"(9,)",0
1,10,"(10,)",0
1,11,"(11,)",0
1,12,"(12,)",0
1,13,"(13,)",0
1,14,"(14,)",0
1,15,"(15,)",0
1,16,"(16,)",0
1,17,"(17,)",0
1,18,"(18,)",0
1,19,"(19,)",0
1,20,"(20,)",0
1,21,"(21,)",0
1,22,"(22,)",0
1,23,"(23,)",0
1,24,"(24,)",0
1,25,"(25,)",0
1,26,"(26,)",0
1,27,"(27,)",0
1,28,"(28,)",0
1,29,"(29,)",0
1,30,"(30,)",0
1,31,"(31,)",0
1,32,"(32,)",0
1,33,"(33,)",0
1,34,"(34,)",0
1,35,"(35,)",0
1,36,"(36,)",0
1,37,"(37,)",0
1,38,"(38,)",0
1,39,"(39,)",0
1,40,"(40,)",0
1,41,"(41,)",0
1,42,"(42,)",0
1,43,"(43,)",0
1,44,"(44,)",0
1,45,"(45,)",0
1,46,"(46,)",0
1,47,"(47,)",0
1,48,"(48,)",0
1,49,"(49,)",0
1,50,"(50,)",0
1,51,"(51,)",0
1,52,"(52,)",0
1,53,"(53,)",0
1,54,"(54,)",0
1,55,"(55,)",0
1,56,"(56,)",0
1,57,"(57,)",0
1,58,"(58,)",0
1,59,"(59,)",0
1,60,"(60,)",0
1,61,"(61,)",0
1,62,"(62,)",0
1,63,"(63,)",0
1,64,"(64,)",0
1,65,"(65,)",0
1,66,"(66,)",0
1,67,"(67,)",0
1,68,"(68,)",0
1,69,"(69,)",0
1,70,"(70,)",0
1,71,"(71,)",0
1,72,"(72,)",0
1,73,"(73,)",0
1,74,"(74,)",0
1,75,"(75,)",0
1,76,"(76,)",0
1,77,"(77,)",0
1,78,"(78,)",0
1,79,"(79,)",0
1,80,"(80,)",0
1,81,"(81,)",0
1,82,"(82,)",0
1,83,"(83,)",0
1,84,"(84,)",0
1,85,"(85,)",0
1,86,"(86,)",0
1,87,"(87,)",0
1,88,"(88,)",0
1,89,"(89,)",0
1,90,"(90,)",0
1,91,"(91,)",0
1,92,"(92,)",0
1,93,"(93,)",0
1,94,"(94,)",0
1,95,"(95,)",0
1,96,"(96,)",0
1,97,"(97,)",0
1,98,"(98,)",0
1,99,"(99,)",1
1,100,"(100,)",1
1,101,"(101,)",1
2,1,"(1,)",0
2,2,"(2,)",0
2,3,"(3,)",0
2,4,"(4,)",0
2,5,"(5,)",0
2,6,"(6,)",0
2,7,"(7,)",0
2,8,"(8,)",0
2,9,"(9,)",0
2,10,"(10,)",0
2,11,"(11,)",0
2,12,"(12,)",0
2,13,"(13,)",0
2,14,"(14,)",0
2,15,"(15,)",0
2,16,"(16,)",0
2,17,"(17,)",0
2,18,"(18,)",0
2,19,"(19,)",0
2,20,"(20,)",0
2,21,"(21,)",0
2,22,"(22,)",0
2,23,"(23,)",0
2,24,"(24,)",0
2,25,"(25,)",0
2,26,"(26,)",0
2,27,"(27,)",0
2,28,"(28,)",0
2,29,"(29,)",0
2,30,"(30,)",0
2,31,"(31,)",0
2,32,"(32,)",0
2,33,"(33,)",0
2,34,"(34,)",0
2,35,"(35,)",0
2,36,"(36,)",0
2,37,"(37,)",0
2,38,"(38,)",0
2,39,"(39,)",0
2,40,"(40,)",0
2,41,"(41,)",0
2,42,"(42,)",0
2,43,"(43,)",0
2,44,"(44,)",0
2,45,"(45,)",0
2,46,"(46,)",0
2,47,"(47,)",0
2,48,"(48,)",0
2,49,"(49,)",0
2,50,"(50,)",0
2,51,"(51,)",0
2,52,"(52,)",0
2,53,"(53,)",0
2,54,"(54,)",0
2,55,"(55,)",0
2,56,"(56,)",0
2,57,"(57,)",0
2,58,"(58,)",0
2,59,"(59,)",0
2,60,"(60,)",0
2,61,"(61,)",0
2,62,"(62,)",0
2,63,"(63,)",0
2,64,"(64,)",0
2,65,"(65,)",0
2,66,"(66,)",0
2,67,"(67,)",0
2,68,"(68,)",0
2,69,"(69,)",0
2,70,"(70,)",0
2,71,"(71,)",0
2,72,"(72,)",0
2,73,"(73,)",0
2,74,"(74,)",0
2,75,"(75,)",0
2,76,"(76,)",0
2,77,"(77,)",0
2,78,"(78,)",0
2,79,"(79,)",0
2,80,"(80,)",0
2,81,"(81,)",0
2,82,"(82,)",0
2,83,"(83,)",0
2,84,"(84,)",0
2,85,"(85,)",0
2,86,"(86,)",0
2,87,"(87,)",0
2,88,"(88,)",0
2,89,"(89,)",0
2,90,"(90,)",0
2,91,"(91,)",0
2,92,"(92,)",0
2,93,"(93,)",0
2,94,"(94,)",0
2,95,"(95,)",0
2,96,"(96,)",0
2,97,"(97,)",1
2,98,"(98,)",1
2,99,"(99,)",1
2,100,"(100,)",0
2,101,"(101,)",1
3,1,"(1,)",0
3,2,"(2,)",0
3,3,"(3,)",0
3,4,"(4,)",0
3,5,"(5,)",0
3,6,"(6,)",0
3,7,"(7,)",0
3,8,"(8,)",0
3,9,"(9,)",0
3,10,"(10,)",0
3,11,"(11,)",0
3,12,"(12,)",0
3,13,"(13,)",0
3,14,"(14,)",0
3,15,"(15,)",0
3,16,"(16,)",0
3,17,"(17,)",0
3,18,"(18,)",0
3,19,"(19,)",0
3,20,"(20,)",0
3,21,"(21,)",0
3,22,"(22,)",0
3,23,"(23,)",0
3,24,"(24,)",0
3,25,"(25,)",0
3,26,"(26,)",0
3,27,"(27,)",0
3,28,"(28,)",0
3,29,"(29,)",0
3,30,"(30,)",0
3,31,"(31,)",0
3,32,"(32,)",0
3,33,"(33,)",0
3,34,"(34,)",0
3,35,"(35,)",0
3,36,"(36,)",0
3,37,"(37,)",0
3,38,"(38,)",0
3,39,"(39,)",0
3,40,"(40,)",0
3,41,"(41,)",0
3,42,"(42,)",0
3,43,"(43,)",0
3,44,"(44,)",0
3,45,"(45,)",0
3,46,"(46,)",0
3,47,"(47,)",0
3,48,"(48,)",0
3,49,"(49,)",0
3,50,"(50,)",0
3,51,"(51,)",0
3,52,"(52,)",0
3,53,"(53,)",0
3,54,"(54,)",0
3,55,"(55,)",0
3,56,"(56,)",0
3,57,"(57,)",0
3,58,"(58,)",0
3,59,"(59,)",0
3,60,"(60,)",0
3,61,"(61,)",0
3,62,"(62,)",0
3,63,"(63,)",0
3,64,"(64,)",0
3,65,"(65,)",0
3,66,"(66,)",0
3,67,"(67,)",0
3,68,"(68,)",0
3,69,"(69,)",0
3,70,"(70,)",0
3,71,"(71,)",0
3,72,"(72,)",0
3,73,"(73,)",0
3,74,"(74,)",0
3,75,"(75,)",0
3,76,"(76,)",0
3,77,"(77,)",0
3,78,"(78,)",0
3,79,"(79,)",0
3,80,"(80,)",0
3,81,"(81,)",0
3,82,"(82,)",0
3,83,"(83,)",0
3,84,"(84,)",0
3,85,"(85,)",0
3,86,"(86,)",0
3,87,"(87,)",0
3,88,"(88,)",0
3,89,"(89,)",0
3,90,"(90,)",0
3,91,"(91,)",0
3,92,"(92,)",0
3,93,"(93,)",0
3,94,"(94,)",0
3,95,"(95,)",0
3,96,"(96,)",1
3,97,"(97,)",1
3,98,"(98,)",0
3,99,"(99,)",1
3,100,"(100,)",1
3,101,"(101,)",1
4,1,"(1,)",0
4,2,"(2,)",0
4,3,"(3,)",0
4,4,"(4,)",0
4,5,"(5,)",0
4,6,"(6,)",0
4,7,"(7,)",0
4,8,"(8,)",0
4,9,"(9,)",0
4,10,"(10,)",0
4,11,"(11,)",0
4,12,"(12,)",0
4,13,"(13,)",0
4,14,"(14,)",0
4,15,"(15,)",0
4,16,"(16,)",0
4,17,"(17,)",0
4,18,"(18,)",0
4,19,"(19,)",0
4,20,"(20,)",0
4,21,"(21,)",0
4,22,"(22,)",0
4,23,"(23,)",0
4,24,"(24,)",0
4,25,"(25,)",0
4,26,"(26,)",0
4,27,"(27,)",0
4,28,"(28,)",0
4,29,"(29,)",0
4,30,"(30,)",0
4,31,"(31,)",0
4,32,"(32,)",0
4,33,"(33,)",0
4,34,"(34,)",0
4,35,"(35,)",0
4,36,"(36,)",0
4,37,"(37,)",0
4,38,"(38,)",0
4,39,"(39,)",0
4,40,"(40,)",0
4,41,"(41,)",0
4,42,"(42,)",0
4,43,"(43,)",0
4,44,"(44,)",0
4,45,"(45,)",0
4,46,"(46,)",0
4,47,"(47,)",0
4,48,"(48,)",0
4,49,"(49,)",0
4,50,"(50,)",0
4,51,"(51,)",0
4,52,"(52,)",0
4,53,"(53,)",0
4,54,"(54,)",0
4,55,"(55,)",0
4,56,"(56,)",0
4,57,"(57,)",0
4,58,"(58,)",0
4,59,"(59,)",0
4,60,"(60,)",0
4,61,"(61,)",0
4,62,"(62,)",0
4,63,"(63,)",0
4,64,"(64,)",0
4,65,"(65,)",0
4,66,"(66,)",0
4,67,"(67,)",0
4,68,"(68,)",0
4,69,"(69,)",0
4,70,"(70,)",0
4,71,"(71,)",0
4,72,"(72,)",0
4,73,"(73,)",0
4,74,"(74,)",0
4,75,"(75,)",0
4,76,"(76,)",0
4,77,"(77,)",0
4,78,"(78,)",0
4,79,"(79,)",0
4,80,"(80,)",0
4,81,"(81,)",0
4,82,"(82,)",0
4,83,"(83,)",0
4,84,"(84,)",0
4,85,"(85,)",0
4,86,"(86,)",0
4,87,"(87,)",0
4,88,"(88,)",0
4,89,"(89,)",0
4,90,"(90,)",0
4,91,"(91,)",0
4,92,"(92,)",0
4,93,"(93,)",0
4,94,"(94,)",1
4,95,"(95,)",1
4,96,"(96,)",0
4,97,"(97,)",1
4,98,"(98,)",1
4,99,"(99,)",1
4,100,"(100,)",0
4,101,"(101,)",1
5,1,"(1,)",0
5,2,"(2,)",0
5,3,"(3,)",0
5,4,"(4,)",0
5,5,"(5,)",0
5,6,"(6,)",0
5,7,"(7,)",0
5,8,"(8,)",0
5,9,"(9,)",0
5,10,"(10,)",0
5,11,"(11,)",0
5,12,"(12,)",0
5,13,"(13,)",0
5,14,"(14,)",0
5,15,"(15,)",0
5,16,"(16,)",0
5,17,"(17,)",0
5,18,"(18,)",0
5,19,"(19,)",0
5,20,"(20,)",0
5,21,"(21,)",0
5,22,"(22,)",0
5,23,"(23,)",0
5,24,"(24,)",0
5,25,"(25,)",0
5,26,"(26,)",0
5,27,"(27,)",0
5,28,"(28,)",0
5,29,"(29,)",0
5,30,"(30,)",0
5,31,"(31,)",0
5,32,"(32,)",0
5,33,"(33,)",0
5,34,"(34,)",0
5,35,"(35,)",0
5,36,"(36,)",0
5,37,"(37,)",0
5,38,"(38,)",0
5,39,"(39,)",0
5,40,"(40,)",0
5,41,"(41,)",0
5,42,"(42,)",0
5,43,"(43,)",0
5,44,"(44,)",0
5,45,"(45,)",0
5,46,"(46,)",0
5,47,"(47,)",0
5,48,"(48,)",0
5,49,"(49,)",0
5,50,"(50,)",0
5,51,"(51,)",0
5,52,"(52,)",0
5,53,"(53,)",0
5,54,"(54,)",0
5,55,"(55,)",0
5,56,"(56,)",0
5,57,"(57,)",0
5,58,"(58,)",0
5,59,"(59,)",0
5,60,"(60,)",0
5,61,"(61,)",0
5,62,"(62,)",0
5,63,"(63,)",0
5,64,"(64,)",0
5,65,"(65,)",0
5,66,"(66,)",0
5,67,"(67,)",0
5,68,"(68,)",0
5,69,"(69,)",0
5,70,"(70,)",0
5,71,"(71,)",0
5,72,"(72,)",0
5,73,"(73,)",0
5,74,"(74,)",0
5,75,"(75,)",0
5,76,"(76,)",0
5,77,"(77,)",0
5,78,"(78,)",0
5,79,"(79,)",0
5,80,"(80,)",0
5,81,"(81,)",0
5,82,"(82,)",0
5,83,"(83,)",0
5,84,"(84,)",0
5,85,"(85,)",0
5,86,"(86,)",0
5,87,"(87,)",0
5,88,"(88,)",0
5,89,"(89,)",0
5,90,"(90,)",0
5,91,"(91,)",0
5,92,"(92,)",0
5,93,"(93,)",1
5,94,"(94,)",0
5,95,"(95,)",1
5,96,"(96,)",1
5,97,"(97,)",1
5,98,"(98,)",0
5,99,"(99,)",1
5,100,"(100,)",1
5,101,"(101,)",1
6,1,"(1,)",0
6,2,"(2,)",0
6,3,"(3,)",0
6,4,"(4,)",0
6,5,"(5,)",0
6,6,"(6,)",0
6,7,"(7,)",0
6,8,"(8,)",0
6,9,"(9,)",0
6,10,"(10,)",0
6,11,"(11,)",0
6,12,"(12,)",0
6,13,"(13,)",0
6,14,"(14,)",0
6,15,"(15,)",0
6,16,"(16,)",0
6,17,"(17,)",0
6,18,"(18,)",0
6,19,"(19,)",0
6,20,"(20,)",0
6,21,"(21,)",0
6,22,"(22,)",0
6,23,"(23,)",0
6,24,"(24,)",0
6,25,"(25,)",0
6,26,"(26,)",0
6,27,"(27,)",0
6,28,"(28,)",0
6,29,"(29,)",0
6,30,"(30,)",0
6,31,"(31,)",0
6,32,"(32,)",0
6,33,"(33,)",0
6,34,"(34,)",0
6,35,"(35,)",0
6,36,"(36,)",0
6,37,"(37,)",0
6,38,"(38,)",0
6,39,"(39,)",0
6,40,"(40,)",0
6,41,"(41,)",0
6,42,"(42,)",0
6,43,"(43,)",0
6,44,"(44,)",0
6,45,"(45,)",0
6,46,"(46,)",0
6,47,"(47,)",0
6,48,"(48,)",0
6,49,"(49,)",0
6,50,"(50,)",0
6,51,"(51,)",0
6,52,"(52,)",0
6,53,"(53,)",0
6,54,"(54,)",0
6,55,"(55,)",0
6,56,"(56,)",0
6,57,"(57,)",0
6,58,"(58,)",0
6,59,"(59,)",0
6,60,"(60,)",0
6,61,"(61,)",0
6,62,"(62,)",0
6,63,"(63,)",0
6,64,"(64,)",0
6,65,"(65,)",0
6,66,"(66,)",0
6,67,"(67,)",0
6,68,"(68,)",0
6,69,"(69,)",0
6,70,"(70,)",0
6,71,"(71,)",0
6,72,"(72,)",0
6,73,"(73,)",0
6,74,"(74,)",0
6,75,"(75,)",0
6,76,"(76,)",0
6,77,"(77,)",0
6,78,"(78,)",0
6,79,"(79,)",0
6,80,"(80,)",0
6,81,"(81,)",0
6,82,"(82,)",0
6,83,"(83,)",0
6,84,"(84,)",0
6,85,"(85,)",0
6,86,"(86,)",0
6,87,"(87,)",0
6,88,"(88,)",0
6,89,"(89,)",0
6,90,"(90,)",0
6,91,"(91,)",0
6,92,"(92,)",1
6,93,"(93,)",1
6,94,"(94,)",1
6,95,"(95,)",1
6,96,"(96,)",0
6,97,"(97,)",1
6,98,"(98,)",1
6,99,"(99,)",1
6,100,"(100,)",0
6,101,"(101,)",1
7,1,"(1,)",0
7,2,"(2,)",0
7,3,"(3,)",0
7,4,"(4,)",0
7,5,"(5,)",0
7,6,"(6,)",0
7,7,"(7,)",0
7,8,"(8,)",0
7,9,"(9,)",0
7,10,"(10,)",0
7,11,"(11,)",0
7,12,"(12,)",0
7,13,"(13,)",0
7,14,"(14,)",0
7,15,"(15,)",0
7,16,"(16,)",0
7,17,"(17,)",0
7,18,"(18,)",0
7,19,"(19,)",0
7,20,"(20,)",0
7,21,"(21,)",0
7,22,"(22,)",0
7,23,"(23,)",0
7,24,"(24,)",0
7,25,"(25,)",0
7,26,"(26,)",0
7,27,"(27,)",0
7,28,"(28,)",0
7,29,"(29,)",0
7,30,"(30,)",0
7,31,"(31,)",0
7,32,"(32,)",0
7,33,"(33,)",0
7,34,"(34,)",0
7,35,"(35,)",0
7,36,"(36,)",0
7,37,"(37,)",0
7,38,"(38,)",0
7,39,"(39,)",0
7,40,"(40,)",0
7,41,"(41,)",0
7,42,"(42,)",0
7,43,"(43,)",0
7,44,"(44,)",0
7,45,"(45,)",0
7,46,"(46,)",0
7,47,"(47,)",0
7,48,"(48,)",0
7,49,"(49,)",0
7,50,"(50,)",0
7,51,"(51,)",0
7,52,"(52,)",0
7,53,"(53,)",0
7,54,"(54,)",0
7,55,"(55,)",0
7,56,"(56,)",0
7,57,"(57,)",0
7,58,"(58,)",0
7,59,"(59,)",0
7,60,"(60,)",0
7,61,"(61,)",0
7,62,"(62,)",0
7,63,"(63,)",0
7,64,"(64,)",0
7,65,"(65,)",0
7,66,"(66,)",0
7,67,"(67,)",0
7,68,"(68,)",0
7,69,"(69,)",0
7,70,"(70,)",0
7,71,"(71,)",0
7,72,"(72,)",0
7,73,"(73,)",0
7,74,"(74,)",0
7,75,"(75,)",0
7,76,"(76,)",0
7,77,"(77,)",0
7,78,"(78,)",0
7,79,"(79,)",0
7,80,"(80,)",0
7,81,"(81,)",0
7,82,"(82,)",0
7,83,"(83,)",0
7,84,"(84,)",0
7,85,"(85,)",0
7,86,"(86,)",0
7,87,"(87,)",0
7,88,"(88,)",0
7,89,"(89,)",0
7,90,"(90,)",0
7,91,"(91,)",1
7,92,"(92,)",0
7,93,"(93,)",1
7,94,"(94,)",0
7,95,"(95,)",1
7,96,"(96,)",1
7,97,"(97,)",1
7,98,"(98,)",0
7,99,"(99,)",1
7,100,"(100,)",1
7,101,"(101,)",1
8,1,"(1,)",0
8,2,"(2,)",0
8,3,"(3,)",0
8,4,"(4,)",0
8,5,"(5,)",0
8,6,"(6,)",0
8,7,"(7,)",0
8,8,"(8,)",0
8,9,"(9,)",0
8,10,"(10,)",0
8,11,"(11,)",0
8,12,"(12,)",0
8,13,"(13,)",0
8,14,"(14,)",0
8,15,"(15,)",0
8,16,"(16,)",0
8,17,"(17,)",0
8,18,"(18,)",0
8,19,"(19,)",0
8,20,"(20,)",0
8,21,"(21,)",0
8,22,"(22,)",0
8,23,"(23,)",0
8,24,"(24,)",0
8,25,"(25,)",0
8,26,"(26,)",0
8,27,"(27,)",0
8,28,"(28,)",0
8,29,"(29,)",0
8,30,"(30,)",0
8,31,"(31,)",0
8,32,"(32,)",0
8,33,"(33,)",0
8,34,"(34,)",0
8,35,"(35,)",0
8,36,"(36,)",0
8,37,"(37,)",0
8,38,"(38,)",0
8,39,"(39,)",0
8,40,"(40,)",0
8,41,"(41,)",0
8,42,"(42,)",0
8,43,"(43,)",0
8,44,"(44,)",0
8,45,"(45,)",0
8,46,"(46,)",0
8,47,"(47,)",0
8,48,"(48,)",0
8,49,"(49,)",0
8,50,"(50,)",0
8,51,"(51,)",0
8,52,"(52,)",0
8,53,"(53,)",0
8,54,"(54,)",0
8,55,"(55,)",0
8,56,"(56,)",0
8,57,"(57,)",0
8,58,"(58,)",0
8,59,"(59,)",0
8,60,"(60,)",0
8,61,"(61,)",0
8,62,"(62,)",0
8,63,"(63,)",0
8,64,"(64,)",0
8,65,"(65,)",0
8,66,"(66,)",0
8,67,"(67,)",0
8,68,"(68,)",0
8,69,"(69,)",0
8,70,"(70,)",0
8,71,"(71,)",0
8,72,"(72,)",0
8,73,"(73,)",0
8,74,"(74,)",0
8,75,"(75,)",0
8,76,"(76,)",0
8,77,"(77,)",0
8,78,"(78,)",0
8,79,"(79,)",0
8,80,"(80,)",0
8,81,"(81,)",0
8,82,"(82,)",0
8,83,"(83,)",0
8,84,"(84,)",0
8,85,"(85,)",0
8,86,"(86,)",0
8,87,"(87,)",0
8,88,"(88,)",0
8,89,"(89,)",1
8,90,"(90,)",1
8,91,"(91,)",1
8,92,"(92,)",1
8,93,"(93,)",1
8,94,"(94,)",1
8,95,"(95,)",1
8,96,"(96,)",0
8,97,"(97,)",1
8,98,"(98,)",1
8,99,"(99,)",1
8,100,"(100,)",0
8,101,"(101,)",1
9,1,"(1,)",0
9,2,"(2,)",0
9,3,"(3,)",0
9,4,"(4,)",0
9,5,"(5,)",0
9,6,"(6,)",0
9,7,"(7,)",0
9,8,"(8,)",0
9,9,"(9,)",0
9,10,"(10,)",0
9,11,"(11,)",0
9,12,"(12,)",0
9,13,"(13,)",0
9,14,"(14,)",0
9,15,"(15,)",0
9,16,"(16,)",0
9,17,"(17,)",0
9,18,"(18,)",0
9,19,"(19,)",0
9,20,"(20,)",0
9,21,"(21,)",0
9,22,"(22,)",0
9,23,"(23,)",0
9,24,"(24,)",0
9,25,"(25,)",0
9,26,"(26,)",0
9,27,"(27,)",0
9,28,"(28,)",0
9,29,"(29,)",0
9,30,"(30,)",0
9,31,"(31,)",0
9,32,"(32,)",0
9,33,"(33,)",0
9,34,"(34,)",0
9,35,"(35,)",0
9,36,"(36,)",0
9,37,"(37,)",0
9,38,"(38,)",0
9,39,"(39,)",0
9,40,"(40,)",0
9,41,"(41,)",0
9,42,"(42,)",0
9,43,"(43,)",0
9,44,"(44,)",0
9,45,"(45,)",0
9,46,"(46,)",0
9,47,"(47,)",0
9,48,"(48,)",0
9,49,"(49,)",0
9,50,"(50,)",0
9,51,"(51,)",0
9,52,"(52,)",0
9,53,"(53,)",0
9,54,"(54,)",0
9,55,"(55,)",0
9,56,"(56,)",0
9,57,"(57,)",0
9,58,"(58,)",0
9,59,"(59,)",0
9,60,"(60,)",0
9,61,"(61,)",0
9,62,"(62,)",0
9,63,"(63,)",0
9,64,"(64,)",0
9,65,"(65,)",0
9,66,"(66,)",0
9,67,"(67,)",0
9,68,"(68,)",0
9,69,"(69,)",0
9,70,"(70,)",0
9,71,"(71,)",0
9,72,"(72,)",0
9,73,"(73,)",0
9,74,"(74,)",0
9,75,"(75,)",0
9,76,"(76,)",0
9,77,"(77,)",0
9,78,"(78,)",0
9,79,"(79,)",0
9,80,"(80,)",0
9,81,"(81,)",0
9,82,"(82,)",0
9,83,"(83,)",0
9,84,"(84,)",0
9,85,"(85,)",0
9,86,"(86,)",0
9,87,"(87,)",0
9,88,"(88,)",1
9,89,"(89,)",1
9,90,"(90,)",0
9,91,"(91,)",1
9,92,"(92,)",0
9,93,"(93,)",1
9,94,"(94,)",0
9,95,"(95,)",1
9,96,"(96,)",1
9,97,"(97,)",1
9,98,"(98,)",0
9,99,"(99,)",1
9,100,"(100,)",1
9,101,"(101,)",1
10,1,"(1,)",0
10,2,"(2,)",0
10,3,"(3,)",0
10,4,"(4,)",0
10,5,"(5,)",0
10,6,"(6,)",0
10,7,"(7,)",0
10,8,"(8,)",0
10,9,"(9,)",0
10,10,"(10,)",0
10,11,"(11,)",0
10,12,"(12,)",0
10,13,"(13,)",0
10,14,"(14,)",0
10,15,"(15,)",0
10,16,"(16,)",0
10,17,"(17,)",0
10,18,"(18,)",0
10,19,"(19,)",0
10,20,"(20,)",0
10,21,"(21,)",0
10,22,"(22,)",0
10,23,"(23,)",0
10,24,"(24,)",0
10,25,"(25,)",0
10,26,"(26,)",0
10,27,"(27,)",0
10,28,"(28,)",0
10,29,"(29,)",0
10,30,"(30,)",0
10,31,"(31,)",0
10,32,"(32,)",0
10,33,"(33,)",0
10,34,"(34,)",0
10,35,"(35,)",0
10,36,"(36,)",0
10,37,"(37,)",0
10,38,"(38,)",0
10,39,"(39,)",0
10,40,"(40,)",0
10,41,"(41,)",0
10,42,"(42,)",0
10,43,"(43,)",0
10,44,"(44,)",0
10,45,"(45,)",0
10,46,"(46,)",0
10,47,"(47,)",0
10,48,"(48,)",0
10,49,"(49,)",0
10,50,"(50,)",0
10,51,"(51,)",0
10,52,"(52,)",0
10,53,"(53,)",0
10,54,"(54,)",0
10,55,"(55,)",0
10,56,"(56,)",0
10,57,"(57,)",0
10,58,"(58,)",0
10,59,"(59,)",0
10,60,"(60,)",0
10,61,"(61,)",0
10,62,"(62,)",0
10,63,"(63,)",0
10,64,"(64,)",0
10,65,"(65,)",0
10,66,"(66,)",0
10,67,"(67,)",0
10,68,"(68,)",0
10,69,"(69,)",0
10,70,"(70,)",0
10,71,"(71,)",0
10,72,"(72,)",0
10,73,"(73,)",0
10,74,"(74,)",0
10,75,"(75,)",0
10,76,"(76,)",0
10,77,"(77,)",0
10,78,"(78,)",0
10,79,"(79,)",0
10,80,"(80,)",0
10,81,"(81,)",0
10,82,"(82,)",0
10,83,"(83,)",0
10,84,"(84,)",0
10,85,"(85,)",0
10,86,"(86,)",0
10,87,"(87,)",1
10,88,"(88,)",0
10,89,"(89,)",1
10,90,"(90,)",1
10,91,"(91,)",1
10,92,"(92,)",1
10,93,"(93,)",1
10,94,"(94,)",1
10,95,"(95,)",1
10,96,"(96,)",0
10,97,"(97,)",1
10,98,"(98,)",1
10,99,"(99,)",1
10,100,"(100,)",0
10,101,"(101,)",1
11,1,"(1,)",0
11,2,"(2,)",0
11,3,"(3,)",0
11,4,"(4,)",0
11,5,"(5,)",0
11,6,"(6,)",0
11,7,"(7,)",0
11,8,"(8,)",0
11,9,"(9,)",0
11,10,"(10,)",0
11,11,"(11,)",0
11,12,"(12,)",0
11,13,"(13,)",0
11,14,"(14,)",0
11,15,"(15,)",0
11,16,"(16,)",0
11,17,"(17,)",0
11,18,"(18,)",0
11,19,"(19,)",0
11,20,"(20,)",0
11,21,"(21,)",0
11,22,"(22,)",0
11,23,"(23,)",0
11,24,"(24,)",0
11,25,"(25,)",0
11,26,"(26,)",0
11,27,"(27,)",0
11,28,"(28,)",0
11,29,"(29,)",0
11,30,"(30,)",0
11,31,"(31,)",0
11,32,"(32,)",0
11,33,"(33,)",0
11,34,"(34,)",0
11,35,"(35,)",0
11,36,"(36,)",0
11,37,"(37,)",0
11,38,"(38,)",0
11,39,"(39,)",0
11,40,"(40,)",0
11,41,"(41,)",0
11,42,"(42,)",0
11,43,"(43,)",0
11,44,"(44,)",0
11,45,"(45,)",0
11,46,"(46,)",0
11,47,"(47,)",0
11,48,"(48,)",0
11,49,"(49,)",0
11,50,"(50,)",0
11,51,"(51,)",0
11,52,"(52,)",0
11,53,"(53,)",0
11,54,"(54,)",0
11,55,"(55,)",0
11,56,"(56,)",0
11,57,"(57,)",0
11,58,"(58,)",0
11,59,"(59,)",0
11,60,"(60,)",0
11,61,"(61,)",0
11,62,"(62,)",0
11,63,"(63,)",0
11,64,"(64,)",0
11,65,"(65,)",0
11,66,"(66,)",0
11,67,"(67,)",0
11,68,"(68,)",0
11,69,"(69,)",0
11,70,"(70,)",0
11,71,"(71,)",0
11,72,"(72,)",0
11,73,"(73,)",0
11,74,"(74,)",0
11,75,"(75,)",0
11,76,"(76,)",0
11,77,"(77,)",0
11,78,"(78,)",0
11,79,"(79,)",0
11,80,"(80,)",0
11,81,"(81,)",0
11,82,"(82,)",0
11,83,"(83,)",1
11,84,"(84,)",1
11,85,"(85,)",1
11,86,"(86,)",1
11,87,"(87,)",1
11,88,"(88,)",1
11,89,"(89,)",1
11,90,"(90,)",0
11,91,"(91,)",1
11,92,"(92,)",0
11,93,"(93,)",1
11,94,"(94,)",0
11,95,"(95,)",1
11,96,"(96,)",1
11,97,"(97,)",1
11,98,"(98,)",0
11,99,"(99,)",1
11,100,"(100,)",1
11,101,"(101,)",1
12,1,"(1,)",0
12,2,"(2,)",0
12,3,"(3,)",0
12,4,"(4,)",0
12,5,"(5,)",0
12,6,"(6,)",0
12,7,"(7,)",0
12,8,"(8,)",0
12,9,"(9,)",0
12,10,"(10,)",0
12,11,"(11,)",0
12,12,"(12,)",0
12,13,"(13,)",0
12,14,"(14,)",0
12,15,"(15,)",0
12,16,"(16,)",0
12,17,"(17,)",0
12,18,"(18,)",0
12,19,"(19,)",0
12,20,"(20,)",0
12,21,"(21,)",0
12,22,"(22,)",0
12,23,"(23,)",0
12,24,"(24,)",0
12,25,"(25,)",0
12,26,"(26,)",0
12,27,"(27,)",0
12,28,"(28,)",0
12,29,"(29,)",0
12,30,"(30,)",0
12,31,"(31,)",0
12,32,"(32,)",0
12,33,"(33,)",0
12,34,"(34,)",0
12,35,"(35,)",0
12,36,"(36,)",0
12,37,"(37,)",0
12,38,"(38,)",0
12,39,"(39,)",0
12,40,"(40,)",0
12,41,"(41,)",0
12,42,"(42,)",0
12,43,"(43,)",0
12,44,"(44,)",0
12,45,"(45,)",0
12,46,"(46,)",0
12,47,"(47,)",0
12,48,"(48,)",0
12,49,"(49,)",0
12,50,"(50,)",0
12,51,"(51,)",0
12,52,"(52,)",0
12,53,"(53,)",0
12,54,"(54,)",0
12,55,"(55,)",0
12,56,"(56,)",0
12,57,"(57,)",0
12,58,"(58,)",0
12,59,"(59,)",0
12,60,"(60,)",0
12,61,"(61,)",0
12,62,"(62,)",0
12,63,"(63,)",0
12,64,"(64,)",0
12,65,"(65,)",0
12,66,"(66,)",0
12,67,"(67,)",0
12,68,"(68,)",0
12,69,"(69,)",0
12,70,"(70,)",0
12,71,"(71,)",0
12,72,"(72,)",0
12,73,"(73,)",0
12,74,"(74,)",0
12,75,"(75,)",0
12,76,"(76,)",0
12,77,"(77,)",0
12,78,"(78,)",0
12,79,"(79,)",0
12,80,"(80,)",1
12,81,"(81,)",1
12,82,"(82,)",1
12,83,"(83,)",1
12,84,"(84,)",0
12,85,"(85,)",1
12,86,"(86,)",0
12,87,"(87,)",1
12,88,"(88,)",0
12,89,"(89,)",1
12,90,"(90,)",1
12,91,"(91,)",1
12,92,"(92,)",1
12,93,"(93,)",1
12,94,"(94,)",1
12,95,"(95,)",1
12,96,"(96,)",0
12,97,"(97,)",1
12,98,"(98,)",1
12,99,"(99,)",1
12,100,"(100,)",0
12,101,"(101,)",1
13,1,"(1,)",0
13,2,"(2,)",0
13,3,"(3,)",0
13,4,"(4,)",0
13,5,"(5,)",0
13,6,"(6,)",0
13,7,"(7,)",0
13,8,"(8,)",0
13,9,"(9,)",0
13,10,"(10,)",0
13,11,"(11,)",0
13,12,"(12,)",0
13,13,"(13,)",0
13,14,"(14,)",0
13,15,"(15,)",0
13,16,"(16,)",0
13,17,"(17,)",0
13,18,"(18,)",0
13,19,"(19,)",0
13,20,"(20,)",0
13,21,"(21,)",0
13,22,"(22,)",0
13,23,"(23,)",0
13,24,"(24,)",0
13,25,"(25,)",0
13,26,"(26,)",0
13,27,"(27,)",0
13,28,"(28,)",0
13,29,"(29,)",0
13,30,"(30,)",0
13,31,"(31,)",0
13,32,"(32,)",0
13,33,"(33,)",0
13,34,"(34,)",0
13,35,"(35,)",0
13,36,"(36,)",0
13,37,"(37,)",0
13,38,"(38,)",0
13,39,"(39,)",0
13,40,"(40,)",0
13,41,"(41,)",0
13,42,"(42,)",0
13,43,"(43,)",0
13,44,"(44,)",0
13,45,"(45,)",0
13,46,"(46,)",0
13,47,"(47,)",0
13,48,"(48,)",0
13,49,"(49,)",0
13,50,"(50,)",0
13,51,"(51,)",0
13,52,"(52,)",0
13,53,"(53,)",0
13,54,"(54,)",0
13,55,"(55,)",0
13,56,"(56,)",0
13,57,"(57,)",0
13,58,"(58,)",0
13,59,"(59,)",0
13,60,"(60,)",0
13,61,"(61,)",0
13,62,"(62,)",0
13,63,"(63,)",0
13,64,"(64,)",0
13,65,"(65,)",0
13,66,"(66,)",0
13,67,"(67,)",0
13,68,"(68,)",0
13,69,"(69,)",0
13,70,"(70,)",0
13,71,"(71,)",0
13,72,"(72,)",0
13,73,"(73,)",0
13,74,"(74,)",0
13,75,"(75,)",0
13,76,"(76,)",0
13,77,"(77,)",0
13,78,"(78,)",1
13,79,"(79,)",1
13,80,"(80,)",0
13,81,"(81,)",1
13,82,"(82,)",0
13,83,"(83,)",1
13,84,"(84,)",1
13,85,"(85,)",1
13,86,"(86,)",1
13,87,"(87,)",1
13,88,"(88,)",1
13,89,"(89,)",1
13,90,"(90,)",0
13,91,"(91,)",1
13,92,"(92,)",0
13,93,"(93,)",1
13,94,"(94,)",0
13,95,"(95,)",1
13,96,"(96,)",1
13,97,"(97,)",1
13,98,"(98,)",0
13,99,"(99,)",1
13,100,"(100,)",1
13,101,"(101,)",1
14,1,"(1,)",0
14,2,"(2,)",0
14,3,"(3,)",0
14,4,"(4,)",0
14,5,"(5,)",0
14,6,"(6,)",0
14,7,"(7,)",0
14,8,"(8,)",0
14,9,"(9,)",0
14,10,"(10,)",0
14,11,"(11,)",0
14,12,"(12,)",0
14,13,"(13,)",0
14,14,"(14,)",0
14,15,"(15,)",0
14,16,"(16,)",0
14,17,"(17,)",0
14,18,"(18,)",0
14,19,"(19,)",0
14,20,"(20,)",0
14,21,"(21,)",0
14,22,"(22,)",0
14,23,"(23,)",0
14,24,"(24,)",0
14,25,"(25,)",0
14,26,"(26,)",0
14,27,"(27,)",0
14,28,"(28,)",0
14,29,"(29,)",0
14,30,"(30,)",0
14,31,"(31,)",0
14,32,"(32,)",0
14,33,"(33,)",0
14,34,"(34,)",0
14,35,"(35,)",0
14,36,"(36,)",0
14,37,"(37,)",0
14,38,"(38,)",0
14,39,"(39,)",0
14,40,"(40,)",0
14,41,"(41,)",0
14,42,"(42,)",0
14,43,"(43,)",0
14,44,"(44,)",0
14,45,"(45,)",0
14,46,"(46,)",0
14,47,"(47,)",0
14,48,"(48,)",0
14,49,"(49,)",0
14,50,"(50,)",0
14,51,"(51,)",0
14,52,"(52,)",0
14,53,"(53,)",0
14,54,"(54,)",0
14,55,"(55,)",0
14,56,"(56,)",0
14,57,"(57,)",0
14,58,"(58,)",0
14,59,"(59,)",0
14,60,"(60,)",0
14,61,"(61,)",0
14,62,"(62,)",0
14,63,"(63,)",0
14,64,"(64,)",0
14,65,"(65,)",0
14,66,"(66,)",0
14,67,"(67,)",0
14,68,"(68,)",0
14,69,"(69,)",0
14,70,"(70,)",0
14,71,"(71,)",0
14,72,"(72,)",0
14,73,"(73,)",0
14,74,"(74,)",0
14,75,"(75,)",0
14,76,"(76,)",1
14,77,"(77,)",1
14,78,"(78,)",0
14,79,"(79,)",1
14,80,"(80,)",1
14,81,"(81,)",1
14,82,"(82,)",1
14,83,"(83,)",1
14,84,"(84,)",0
14,85,"(85,)",1
14,86,"(86,)",0
14,87,"(87,)",1
14,88,"(88,)",0
14,89,"(89,)",1
14,90,"(90,)",1
14,91,"(91,)",1
14,92,"(92,)",1
14,93,"(93,)",1
14,94,"(94,)",1
14,95,"(95,)",1
14,96,"(96,)",0
14,97,"(97,)",1
14,98,"(98,)",1
14,99,"(99,)",1
14,100,"(100,)",0
14,101,"(101,)",1
15,1,"(1,)",0
15,2,"(2,)",0
15,3,"(3,)",0
15,4,"(4,)",0
15,5,"(5,)",0
15,6,"(6,)",0
15,7,"(7,)",0
15,8,"(8,)",0
15,9,"(9,)",0
15,10,"(10,)",0
15,11,"(11,)",0
15,12,"(12,)",0
15,13,"(13,)",0
15,14,"(14,)",0
15,15,"(15,)",0
15,16,"(16,)",0
15,17,"(17,)",0
15,18,"(18,)",0
15,19,"(19,)",0
15,20,"(20,)",0
15,21,"(21,)",0
15,22,"(22,)",0
15,23,"(23,)",0
15,24,"(24,)",0
15,25,"(25,)",0
15,26,"(26,)",0
15,27,"(27,)",0
15,28,"(28,)",0
15,29,"(29,)",0
15,30,"(30,)",0
15,31,"(31,)",0
15,32,"(32,)",0
15,33,"(33,)",0
15,34,"(34,)",0
15,35,"(35,)",0
15,36,"(36,)",0
15,37,"(37,)",0
15,38,"(38,)",0
15,39,"(39,)",0
15,40,"(40,)",0
15,41,"(41,)",0
15,42,"(42,)",0
15,43,"(43,)",0
15,44,"(44,)",0
15,45,"(45,)",0
15,46,"(46,)",0
15,47,"(47,)",0
15,48,"(48,)",0
15,49,"(49,)",0
15,50,"(50,)",0
15,51,"(51,)",0
15,52,"(52,)",0
15,53,"(53,)",0
15,54,"(54,)",0
15,55,"(55,)",0
15,56,"(56,)",0
15,57,"(57,)",0
15,58,"(58,)",0
15,59,"(59,)",0
15,60,"(60,)",0
15,61,"(61,)",0
15,62,"(62,)",0
15,63,"(63,)",0
15,64,"(64,)",0
15,65,"(65,)",0
15,66,"(66,)",0
15,67,"(67,)",0
15,68,"(68,)",0
15,69,"(69,)",0
15,70,"(70,)",0
15,71,"(71,)",0
15,72,"(72,)",0
15,73,"(73,)",0
15,74,"(74,)",1
15,75,"(75,)",1
15,76,"(76,)",0
15,77,"(77,)",1
15,78,"(78,)",1
15,79,"(79,)",1
15,80,"(80,)",0
15,81,"(81,)",1
15,82,"(82,)",0
15,83,"(83,)",1
15,84,"(84,)",1
15,85,"(85,)",1
15,86,"(86,)",1
15,87,"(87,)",1
15,88,"(88,)",1
15,89,"(89,)",1
15,90,"(90,)",0
15,91,"(91,)",1
15,92,"(92,)",0
15,93,"(93,)",1
15,94,"(94,)",0
15,95,"(95,)",1
15,96,"(96,)",1
15,97,"(97,)",1
15,98,"(98,)",0
15,99,"(99,)",1
15,100,"(100,)",1
15,101,"(101,)",1
16,1,"(1,)",0
16,2,"(2,)",0
16,3,"(3,)",0
16,4,"(4,)",0
16,5,"(5,)",0
16,6,"(6,)",0
16,7,"(7,)",0
16,8,"(8,)",0
16,9,"(9,)",0
16,10,"(10,)",0
16,11,"(11,)",0
16,12,"(12,)",0
16,13,"(13,)",0
16,14,"(14,)",0
16,15,"(15,)",0
16,16,"(16,)",0
16,17,"(17,)",0
16,18,"(18,)",0
16,19,"(19,)",0
16,20,"(20,)",0
16,21,"(21,)",0
16,22,"(22,)",0
16,23,"(23,)",0
16,24,"(24,)",0
16,25,"(25,)",0
16,26,"(26,)",0
16,27,"(27,)",0
16,28,"(28,)",0
16,29,"(29,)",0
16,30,"(30,)",0
16,31,"(31,)",0
16,32,"(32,)",0
16,33,"(33,)",0
16,34,"(34,)",0
16,35,"(35,)",0
16,36,"(36,)",0
16,37,"(37,)",0
16,38,"(38,)",0
16,39,"(39,)",0
16,40,"(40,)",0
16,41,"(41,)",0
16,42,"(42,)",0
16,43,"(43,)",0
16,44,"(44,)",0
16,45,"(45,)",0
16,46,"(46,)",0
16,47,"(47,)",0
16,48,"(48,)",0
16,49,"(49,)",0
16,50,"(50,)",0
16,51,"(51,)",0
16,52,"(52,)",0
16,53,"(53,)",0
16,54,"(54,)",0
16,55,"(55,)",0
16,56,"(56,)",0
16,57,"(57,)",0
16,58,"(58,)",0
16,59,"(59,)",0
16,60,"(60,)",0
16,61,"(61,)",0
16,62,"(62,)",0
16,63,"(63,)",0
16,64,"(64,)",0
16,65,"(65,)",0
16,66,"(66,)",0
16,67,"(67,)",0
16,68,"(68,)",0
16,69,"(69,)",0
16,70,"(70,)",0
16,71,"(71,)",0
16,72,"(72,)",1
16,73,"(73,)",1
16,74,"(74,)",0
16,75,"(75,)",1
16,76,"(76,)",1
16,77,"(77,)",1
16,78,"(78,)",0
16,79,"(79,)",1
16,80,"(80,)",1
16,81,"(81,)",1
16,82,"(82,)",1
16,83,"(83,)",1
16,84,"(84,)",0
16,85,"(85,)",1
16,86,"(86,)",0
16,87,"(87,)",1
16,88,"(88,)",0
16,89,"(89,)",1
16,90,"(90,)",1
16,91,"(91,)",1
16,92,"(92,)",1
16,93,"(93,)",1
16,94,"(94,)",1
16,95,"(95,)",1
16,96,"(96,)",0
16,97,"(97,)",1
16,98,"(98,)",1
16,99,"(99,)",1
16,100,"(100,)",0
16,101,"(101,)",1
17,1,"(1,)",0
17,2,"(2,)",0
17,3,"(3,)",0
17,4,"(4,)",0
17,5,"(5,)",0
17,6,"(6,)",0
17,7,"(7,)",0
17,8,"(8,)",0
17,9,"(9,)",0
17,10,"(10,)",0
17,11,"(11,)",0
17,12,"(12,)",0
17,13,"(13,)",0
17,14,"(14,)",0
17,15,"(15,)",0
17,16,"(16,)",0
17,17,"(17,)",0
17,18,"(18,)",0
17,19,"(19,)",0
17,20,"(20,)",0
17,21,"(21,)",0
17,22,"(22,)",0
17,23,"(23,)",0
17,24,"(24,)",0
17,25,"(25,)",0
17,26,"(26,)",0
17,27,"(27,)",0
17,28,"(28,)",0
17,29,"(29,)",0
17,30,"(30,)",0
17,31,"(31,)",0
17,32,"(32,)",0
17,33,"(33,)",0
17,34,"(34,)",0
17,35,"(35,)",0
17,36,"(36,)",0
17,37,"(37,)",0
17,38,"(38,)",0
17,39,"(39,)",0
17,40,"(40,)",0
17,41,"(41,)",0
17,42,"(42,)",0
17,43,"(43,)",0
17,44,"(44,)",0
17,45,"(45,)",0
17,46,"(46,)",0
17,47,"(47,)",0
17,48,"(48,)",0
17,49,"(49,)",0
17,50,"(50,)",0
17,51,"(51,)",0
17,52,"(52,)",0
17,53,"(53,)",0
17,54,"(54,)",0
17,55,"(55,)",0
17,56,"(56,)",0
17,57,"(57,)",0
17,58,"(58,)",0
17,59,"(59,)",0
17,60,"(60,)",0
17,61,"(61,)",0
17,62,"(62,)",0
17,63,"(63,)",0
17,64,"(64,)",0
17,65,"(65,)",0
17,66,"(66,)",0
17,67,"(67,)",0
17,68,"(68,)",0
17,69,"(69,)",0
17,70,"(70,)",1
17,71,"(71,)",1
17,72,"(72,)",0
17,73,"(73,)",1
17,74,"(74,)",1
17,75,"(75,)",1
17,76,"(76,)",0
17,77,"(77,)",1
17,78,"(78,)",1
17,79,"(79,)",1
17,80,"(80,)",0
17,81,"(81,)",1
17,82,"(82,)",0
17,83,"(83,)",1
17,84,"(84,)",1
17,85,"(85,)",1
17,86,"(86,)",1
17,87,"(87,)",1
17,88,"(88,)",1
17,89,"(89,)",1
17,90,"(90,)",0
17,91,"(91,)",1
17,92,"(92,)",0
17,93,"(93,)",1
17,94,"(94,)",0
17,95,"(95,)",1
17,96,"(96,)",1
17,97,"(97,)",1
17,98,"(98,)",0
17,99,"(99,)",1
17,100,"(100,)",1
17,101,"(101,)",1
18,1,"(1,)",0
18,2,"(2,)",0
18,3,"(3,)",0
18,4,"(4,)",0
18,5,"(5,)",0
18,6,"(6,)",0
18,7,"(7,)",0
18,8,"(8,)",0
18,9,"(9,)",0
18,10,"(10,)",0
18,11,"(11,)",0
18,12,"(12,)",0
18,13,"(13,)",0
18,14,"(14,)",0
18,15,"(15,)",0
18,16,"(16,)",0
18,17,"(17,)",0
18,18,"(18,)",0
18,19,"(19,)",0
18,20,"(20,)",0
18,21,"(21,)",0
18,22,"(22,)",0
18,23,"(23,)",0
18,24,"(24,)",0
18,25,"(25,)",0
18,26,"(26,)",0
18,27,"(27,)",0
18,28,"(28,)",0
18,29,"(29,)",0
18,30,"(30,)",0
18,31,"(31,)",0
18,32,"(32,)",0
18,33,"(33,)",0
18,34,"(34,)",0
18,35,"(35,)",0
18,36,"(36,)",0
18,37,"(37,)",0
18,38,"(38,)",0
18,39,"(39,)",0
18,40,"(40,)",0
18,41,"(41,)",0
18,42,"(42,)",0
18,43,"(43,)",0
18,44,"(44,)",0
18,45,"(45,)",0
18,46,"(46,)",0
18,47,"(47,)",0
18,48,"(48,)",0
18,49,"(49,)",0
18,50,"(50,)",0
18,51,"(51,)",0
18,52,"(52,)",0
18,53,"(53,)",0
18,54,"(54,)",0
18,55,"(55,)",0
18,56,"(56,)",0
18,57,"(57,)",0
18,58,"(58,)",0
18,59,"(59,)",0
18,60,"(60,)",0
18,61,"(61,)",0
18,62,"(62,)",0
18,63,"(63,)",0
18,64,"(64,)",0
18,65,"(65,)",0
18,66,"(66,)",0
18,67,"(67,)",0
18,68,"(68,)",0
18,69,"(69,)",1
18,70,"(70,)",0
18,71,"(71,)",1
18,72,"(72,)",1
18,73,"(73,)",1
18,74,"(74,)",0
18,75,"(75,)",1
18,76,"(76,)",1
18,77,"(77,)",1
18,78,"(78,)",0
18,79,"(79,)",1
18,80,"(80,)",1
18,81,"(81,)",1
18,82,"(82,)",1
18,83,"(83,)",1
18,84,"(84,)",0
18,85,"(85,)",1
18,86,"(86,)",0
18,87,"(87,)",1
18,88,"(88,)",0
18,89,"(89,)",1
18,90,"(90,)",1
18,91,"(91,)",1
18,92,"(92,)",1
18,93,"(93,)",1
18,94,"(94,)",1
18,95,"(95,)",1
18,96,"(96,)",0
18,97,"(97,)",1
18,98,"(98,)",1
18,99,"(99,)",1
18,100,"(100,)",0
18,101,"(101,)",1
19,1,"(1,)",0
19,2,"(2,)",0
19,3,"(3,)",0
19,4,"(4,)",0
19,5,"(5,)",0
19,6,"(6,)",0
19,7,"(7,)",0
19,8,"(8,)",0
19,9,"(9,)",0
19,10,"(10,)",0
19,11,"(11,)",0
19,12,"(12,)",0
19,13,"(13,)",0
19,14,"(14,)",0
19,15,"(15,)",0
19,16,"(16,)",0
19,17,"(17,)",0
19,18,"(18,)",0
19,19,"(19,)",0
19,20,"(20,)",0
19,21,"(21,)",0
19,22,"(22,)",0
19,23,"(23,)",0
19,24,"(24,)",0
19,25,"(25,)",0
19,26,"(26,)",0
19,27,"(27,)",0
19,28,"(28,)",0
19,29,"(29,)",0
19,30,"(30,)",0
19,31,"(31,)",0
19,32,"(32,)",0
19,33,"(33,)",0
19,34,"(34,)",0
19,35,"(35,)",0
19,36,"(36,)",0
19,37,"(37,)",0
19,38,"(38,)",0
19,39,"(39,)",0
19,40,"(40,)",0
19,41,"(41,)",0
19,42,"(42,)",0
19,43,"(43,)",0
19,44,"(44,)",0
19,45,"(45,)",0
19,46,"(46,)",0
19,47,"(47,)",0
19,48,"(48,)",0
19,49,"(49,)",0
19,50,"(50,)",0
19,51,"(51,)",0
19,52,"(52,)",0
19,53,"(53,)",0
19,54,"(54,)",0
19,55,"(55,)",0
19,56,"(56,)",0
19,57,"(57,)",0
19,58,"(58,)",0
19,59,"(59,)",0
19,60,"(60,)",0
19,61,"(61,)",0
19,62,"(62,)",0
19,63,"(63,)",0
19,64,"(64,)",0
19,65,"(65,)",0
19,66,"(66,)",0
19,67,"(67,)",0
19,68,"(68,)",1
19,69,"(69,)",1
19,70,"(70,)",1
19,71,"(71,)",1
19,72,"(72,)",0
19,73,"(73,)",1
19,74,"(74,)",1
19,75,"(75,)",1
19,76,"(76,)",0
19,77,"(77,)",1
19,78,"(78,)",1
19,79,"(79,)",1
19,80,"(80,)",0
19,81,"(81,)",1
19,82,"(82,)",0
19,83,"(83,)",1
19,84,"(84,)",1
19,85,"(85,)",1
19,86,"(86,)",1
19,87,"(87,)",1
19,88,"(88,)",1
19,89,"(89,)",1
19,90,"(90,)",0
19,91,"(91,)",1
19,92,"(92,)",0
19,93,"(93,)",1
19,94,"(94,)",0
19,95,"(95,)",1
19,96,"(96,)",1
19,97,"(97,)",1
19,98,"(98,)",0
19,99,"(99,)",1
19,100,"(100,)",1
19,101,"(101,)",1
20,1,"(1,)",0
20,2,"(2,)",0
20,3,"(3,)",0
20,4,"(4,)",0
20,5,"(5,)",0
20,6,"(6,)",0
20,7,"(7,)",0
20,8,"(8,)",0
20,9,"(9,)",0
20,10,"(10,)",0
20,11,"(11,)",0
20,12,"(12,)",0
20,13,"(13,)",0
20,14,"(14,)",0
20,15,"(15,)",0
20,16,"(16,)",0
20,17,"(17,)",0
20,18,"(18,)",0
20,19,"(19,)",0
20,20,"(20,)",0
20,21,"(21,)",0
20,22,"(22,)",0
20,23,"(23,)",0
20,24,"(24,)",0
20,25,"(25,)",0
20,26,"(26,)",0
20,27,"(27,)",0
20,28,"(28,)",0
20,29,"(29,)",0
20,30,"(30,)",0
20,31,"(31,)",0
20,32,"(32,)",0
20,33,"(33,)",0
20,34,"(34,)",0
20,35,"(35,)",0
20,36,"(36,)",0
20,37,"(37,)",0
20,38,"(38,)",0
20,39,"(39,)",0
20,40,"(40,)",0
20,41,"(41,)",0
20,42,"(42,)",0
20,43,"(43,)",0
20,44,"(44,)",0
20,45,"(45,)",0
20,46,"(46,)",0
20,47,"(47,)",0
20,48,"(48,)",0
20,49,"(49,)",0
20,50,"(50,)",0
20,51,"(51,)",0
20,52,"(52,)",0
20,53,"(53,)",0
20,54,"(54,)",0
20,55,"(55,)",0
20,56,"(56,)",0
20,57,"(57,)",0
20,58,"(58,)",0
20,59,"(59,)",0
20,60,"(60,)",0
20,61,"(61,)",0
20,62,"(62,)",0
20,63,"(63,)",0
20,64,"(64,)",0
20,65,"(65,)",1
20,66,"(66,)",1
20,67,"(67,)",1
20,68,"(68,)",0
20,69,"(69,)",1
20,70,"(70,)",0
20,71,"(71,)",1
20,72,"(72,)",1
20,73,"(73,)",1
20,74,"(74,)",0
20,75,"(75,)",1
20,76,"(76,)",1
20,77,"(77,)",1
20,78,"(78,)",0
20,79,"(79,)",1
20,80,"(80,)",1
20,81,"(81,)",1
20,82,"(82,)",1
20,83,"(83,)",1
20,84,"(84,)",0
20,85,"(85,)",1
20,86,"(86,)",0
20,87,"(87,)",1
20,88,"(88,)",0
20,89,"(89,)",1
20,90,"(90,)",1
20,91,"(91,)",1
20,92,"(92,)",1
20,93,"(93,)",1
20,94,"(94,)",1
20,95,"(95,)",1
20,96,"(96,)",0
20,97,"(97,)",1
20,98,"(98,)",1
20,99,"(99,)",1
20,100,"(100,)",0
20,101,"(101,)",1
21,1,"(1,)",0
21,2,"(2,)",0
21,3,"(3,)",0
21,4,"(4,)",0
21,5,"(5,)",0
21,6,"(6,)",0
21,7,"(7,)",0
21,8,"(8,)",0
21,9,"(9,)",0
21,10,"(10,)",0
21,11,"(11,)",0
21,12,"(12,)",0
21,13,"(13,)",0
21,14,"(14,)",0
21,15,"(15,)",0
21,16,"(16,)",0
21,17,"(17,)",0
21,18,"(18,)",0
21,19,"(19,)",0
21,20,"(20,)",0
21,21,"(21,)",0
21,22,"(22,)",0
21,23,"(23,)",0
21,24,"(24,)",0
21,25,"(25,)",0
21,26,"(26,)",0
21,27,"(27,)",0
21,28,"(28,)",0
21,29,"(29,)",0
21,30,"(30,)",0
21,31,"(31,)",0
21,32,"(32,)",0
21,33,"(33,)",0
21,34,"(34,)",0
21,35,"(35,)",0
21,36,"(36,)",0
21,37,"(37,)",0
21,38,"(38,)",0
21,39,"(39,)",0
21,40,"(40,)",0
21,41,"(41,)",0
21,42,"(42,)",0
21,43,"(43,)",0
21,44,"(44,)",0
21,45,"(45,)",0
21,46,"(46,)",0
21,47,"(47,)",0
21,48,"(48,)",0
21,49,"(49,)",0
21,50,"(50,)",0
21,51,"(51,)",0
21,52,"(52,)",0
21,53,"(53,)",0
21,54,"(54,)",0
21,55,"(55,)",0
21,56,"(56,)",0
21,57,"(57,)",0
21,58,"(58,)",0
21,59,"(59,)",0
21,60,"(60,)",0
21,61,"(61,)",1
21,62,"(62,)",1
21,63,"(63,)",1
21,64,"(64,)",1
21,65,"(65,)",1
21,66,"(66,)",0
21,67,"(67,)",1
21,68,"(68,)",1
21,69,"(69,)",1
21,70,"(70,)",1
21,71,"(71,)",1
21,72,"(72,)",0
21,73,"(73,)",1
21,74,"(74,)",1
21,75,"(75,)",1
21,76,"(76,)",0
21,77,"(77,)",1
21,78,"(78,)",1
21,79,"(79,)",1
21,80,"(80,)",0
21,81,"(81,)",1
21,82,"(82,)",0
21,83,"(83,)",1
21,84,"(84,)",1
21,85,"(85,)",1
21,86,"(86,)",1
21,87,"(87,)",1
21,88,"(88,)",1
21,89,"(89,)",1
21,90,"(90,)",0
21,91,"(91,)",1
21,92,"(92,)",0
21,93,"(93,)",1
21,94,"(94,)",0
21,95,"(95,)",1
21,96,"(96,)",1
21,97,"(97,)",1
21,98,"(98,)",0
21,99,"(99,)",1
21,100,"(100,)",1
21,101,"(101,)",1
22,1,"(1,)",0
22,2,"(2,)",0
22,3,"(3,)",0
22,4,"(4,)",0
22,5,"(5,)",0
22,6,"(6,)",0
22,7,"(7,)",0
22,8,"(8,)",0
22,9,"(9,)",0
22,10,"(10,)",0
22,11,"(11,)",0
22,12,"(12,)",0
22,13,"(13,)",0
22,14,"(14,)",0
22,15,"(15,)",0
22,16,"(16,)",0
22,17,"(17,)",0
22,18,"(18,)",0
22,19,"(19,)",0
22,20,"(20,)",0
22,21,"(21,)",0
22,22,"(22,)",0
22,23,"(23,)",0
22,24,"(24,)",0
22,25,"(25,)",0
22,26,"(26,)",0
22,27,"(27,)",0
22,28,"(28,)",0
22,29,"(29,)",0
22,30,"(30,)",0
22,31,"(31,)",0
22,32,"(32,)",0
22,33,"(33,)",0
22,34,"(34,)",0
22,35,"(35,)",0
22,36,"(36,)",0
22,37,"(37,)",0
22,38,"(38,)",0
22,39,"(39,)",0
22,40,"(40,)",0
22,41,"(41,)",0
22,42,"(42,)",0
22,43,"(43,)",0
22,44,"(44,)",0
22,45,"(45,)",0
22,46,"(46,)",0
22,47,"(47,)",0
22,48,"(48,)",0
22,49,"(49,)",0
22,50,"(50,)",0
22,51,"(51,)",0
22,52,"(52,)",0
22,53,"(53,)",0
22,54,"(54,)",0
22,55,"(55,)",0
22,56,"(56,)",0
22,57,"(57,)",0
22,58,"(58,)",0
22,59,"(59,)",1
22,60,"(60,)",1
22,61,"(61,)",1
22,62,"(62,)",0
22,63,"(63,)",1
22,64,"(64,)",0
22,65,"(65,)",1
22,66,"(66,)",1
22,67,"(67,)",1
22,68,"(68,)",0
22,69,"(69,)",1
22,70,"(70,)",0
22,71,"(71,)",1
22,72,"(72,)",1
22,73,"(73,)",1
22,74,"(74,)",0
22,75,"(75,)",1
22,76,"(76,)",1
22,77,"(77,)",1
22,78,"(78,)",0
22,79,"(79,)",1
22,80,"(80,)",1
22,81,"(81,)",1
22,82,"(82,)",1
22,83,"(83,)",1
22,84,"(84,)",0
22,85,"(85,)",1
22,86,"(86,)",0
22,87,"(87,)",1
22,88,"(88,)",0
22,89,"(89,)",1
22,90,"(90,)",1
22,91,"(91,)",1
22,92,"(92,)",1
22,93,"(93,)",1
22,94,"(94,)",1
22,95,"(95,)",1
22,96,"(96,)",0
22,97,"(97,)",1
22,98,"(98,)",1
22,99,"(99,)",1
22,100,"(100,)",0
22,101,"(101,)",1
23,1,"(1,)",0
23,2,"(2,)",0
23,3,"(3,)",0
23,4,"(4,)",0
23,5,"(5,)",0
23,6,"(6,)",0
23,7,"(7,)",0
23,8,"(8,)",0
23,9,"(9,)",0
23,10,"(10,)",0
23,11,"(11,)",0
23,12,"(12,)",0
23,13,"(13,)",0
23,14,"(14,)",0
23,15,"(15,)",0
23,16,"(16,)",0
23,17,"(17,)",0
23,18,"(18,)",0
23,19,"(19,)",0
23,20,"(20,)",0
23,21,"(21,)",0
23,22,"(22,)",0
23,23,"(23,)",0
23,24,"(24,)",0
23,25,"(25,)",0
23,26,"(26,)",0
23,27,"(27,)",0
23,28,"(28,)",0
23,29,"(29,)",0
23,30,"(30,)",0
23,31,"(31,)",0
23,32,"(32,)",0
23,33,"(33,)",0
23,34,"(34,)",0
23,35,"(35,)",0
23,36,"(36,)",0
23,37,"(37,)",0
23,38,"(38,)",0
23,39,"(39,)",0
23,40,"(40,)",0
23,41,"(41,)",0
23,42,"(42,)",0
23,43,"(43,)",0
23,44,"(44,)",0
23,45,"(45,)",0
23,46,"(46,)",0
23,47,"(47,)",0
23,48,"(48,)",0
23,49,"(49,)",0
23,50,"(50,)",0
23,51,"(51,)",0
23,52,"(52,)",0
23,53,"(53,)",0
23,54,"(54,)",0
23,55,"(55,)",0
23,56,"(56,)",0
23,57,"(57,)",1
23,58,"(58,)",1
23,59,"(59,)",1
23,60,"(60,)",0
23,61,"(61,)",1
23,62,"(62,)",1
23,63,"(63,)",1
23,64,"(64,)",1
23,65,"(65,)",1
23,66,"(66,)",0
23,67,"(67,)",1
23,68,"(68,)",1
23,69,"(69,)",1
23,70,"(70,)",1
23,71,"(71,)",1
23,72,"(72,)",0
23,73,"(73,)",1
23,74,"(74,)",1
23,75,"(75,)",1
23,76,"(76,)",0
23,77,"(77,)",1
23,78,"(78,)",1
23,79,"(79,)",1
23,80,"(80,)",0
23,81,"(81,)",1
23,82,"(82,)",0
23,83,"(83,)",1
23,84,"(84,)",1
23,85,"(85,)",1
23,86,"(86,)",1
23,87,"(87,)",1
23,88,"(88,)",1
23,89,"(89,)",1
23,90,"(90,)",0
23,91,"(91,)",1
23,92,"(92,)",0
23,93,"(93,)",1
23,94,"(94,)",0
23,95,"(95,)",1
23,96,"(96,)",1
23,97,"(97,)",1
23,98,"(98,)",0
23,99,"(99,)",1
23,100,"(100,)",1
23,101,"(101,)",1
24,1,"(1,)",0
24,2,"(2,)",0
24,3,"(3,)",0
24,4,"(4,)",0
24,5,"(5,)",0
24,6,"(6,)",0
24,7,"(7,)",0
24,8,"(8,)",0
24,9,"(9,)",0
24,10,"(10,)",0
24,11,"(11,)",0
24,12,"(12,)",0
24,13,"(13,)",0
24,14,"(14,)",0
24,15,"(15,)",0
24,16,"(16,)",0
24,17,"(17,)",0
24,18,"(18,)",0
24,19,"(19,)",0
24,20,"(20,)",0
24,21,"(21,)",0
24,22,"(22,)",0
24,23,"(23,)",0
24,24,"(24,)",0
24,25,"(25,)",0
24,26,"(26,)",0
24,27,"(27,)",0
24,28,"(28,)",0
24,29,"(29,)",0
24,30,"(30,)",0
24,31,"(31,)",0
24,32,"(32,)",0
24,33,"(33,)",0
24,34,"(34,)",0
24,35,"(35,)",0
24,36,"(36,)",0
24,37,"(37,)",0
24,38,"(38,)",0
24,39,"(39,)",0
24,40,"(40,)",0
24,41,"(41,)",0
24,42,"(42,)",0
24,43,"(43,)",0
24,44,"(44,)",0
24,45,"(45,)",0
24,46,"(46,)",0
24,47,"(47,)",0
24,48,"(48,)",0
24,49,"(49,)",0
24,50,"(50,)",0
24,51,"(51,)",0
24,52,"(52,)",0
24,53,"(53,)",1
24,54,"(54,)",1
24,55,"(55,)",1
24,56,"(56,)",1
24,57,"(57,)",1
24,58,"(58,)",0
24,59,"(59,)",1
24,60,"(60,)",1
24,61,"(61,)",1
24,62,"(62,)",0
24,63,"(63,)",1
24,64,"(64,)",0
24,65,"(65,)",1
24,66,"(66,)",1
24,67,"(67,)",1
24,68,"(68,)",0
24,69,"(69,)",1
24,70,"(70,)",0
24,71,"(71,)",1
24,72,"(72,)",1
24,73,"(73,)",1
24,74,"(74,)",0
24,75,"(75,)",1
24,76,"(76,)",1
24,77,"(77,)",1
24,78,"(78,)",0
24,79,"(79,)",1
24,80,"(80,)",1
24,81,"(81,)",1
24,82,"(82,)",1
24,83,"(83,)",1
24,84,"(84,)",0
24,85,"(85,)",1
24,86,"(86,)",0
24,87,"(87,)",1
24,88,"(88,)",0
24,89,"(89,)",1
24,90,"(90,)",1
24,91,"(91,)",1
24,92,"(92,)",1
24,93,"(93,)",1
24,94,"(94,)",1
24,95,"(95,)",1
24,96,"(96,)",0
24,97,"(97,)",1
24,98,"(98,)",1
24,99,"(99,)",1
24,100,"(100,)",0
24,101,"(101,)",1
25,1,"(1,)",0
25,2,"(2,)",0
25,3,"(3,)",0
25,4,"(4,)",0
25,5,"(5,)",0
25,6,"(6,)",0
25,7,"(7,)",0
25,8,"(8,)",0
25,9,"(9,)",0
25,10,"(10,)",0
25,11,"(11,)",0
25,12,"(12,)",0
25,13,"(13,)",0
25,14,"(14,)",0
25,15,"(15,)",0
25,16,"(16,)",0
25,17,"(17,)",0
25,18,"(18,)",0
25,19,"(19,)",0
25,20,"(20,)",0
25,21,"(21,)",0
25,22,"(22,)",0
25,23,"(23,)",0
25,24,"(24,)",0
25,25,"(25,)",0
25,26,"(26,)",0
25,27,"(27,)",0
25,28,"(28,)",0
25,29,"(29,)",0
25,30,"(30,)",0
25,31,"(31,)",0
25,32,"(32,)",0
25,33,"(33,)",0
25,34,"(34,)",0
25,35,"(35,)",0
25,36,"(36,)",0
25,37,"(37,)",0
25,38,"(38,)",0
25,39,"(39,)",0
25,40,"(40,)",0
25,41,"(41,)",0
25,42,"(42,)",0
25,43,"(43,)",0
25,44,"(44,)",0
25,45,"(45,)",0
25,46,"(46,)",0
25,47,"(47,)",0
25,48,"(48,)",0
25,49,"(49,)",0
25,50,"(50,)",0
25,51,"(51,)",1
25,52,"(52,)",1
25,53,"(53,)",1
25,54,"(54,)",0
25,55,"(55,)",1
25,56,"(56,)",0
25,57,"(57,)",1
25,58,"(58,)",1
25,59,"(59,)",1
25,60,"(60,)",0
25,61,"(61,)",1
25,62,"(62,)",1
25,63,"(63,)",1
25,64,"(64,)",1
25,65,"(65,)",1
25,66,"(66,)",0
25,67,"(67,)",1
25,68,"(68,)",1
25,69,"(69,)",1
25,70,"(70,)",1
25,71,"(71,)",1
25,72,"(72,)",0
25,73,"(73,)",1
25,74,"(74,)",1
25,75,"(75,)",1
25,76,"(76,)",0
25,77,"(77,)",1
25,78,"(78,)",1
25,79,"(79,)",1
25,80,"(80,)",0
25,81,"(81,)",1
25,82,"(82,)",0
25,83,"(83,)",1
25,84,"(84,)",1
25,85,"(85,)",1
25,86,"(86,)",1
25,87,"(87,)",1
25,88,"(88,)",1
25,89,"(89,)",1
25,90,"(90,)",0
25,91,"(91,)",1
25,92,"(92,)",0
25,93,"(93,)",1
25,94,"(94,)",0
25,95,"(95,)",1
25,96,"(96,)",1
25,97,"(97,)",1
25,98,"(98,)",0
25,99,"(99,)",1
25,100,"(100,)",1
25,101,"(101,)",1
26,1,"(1,)",0
26,2,"(2,)",0
26,3,"(3,)",0
26,4,"(4,)",0
26,5,"(5,)",0
26,6,"(6,)",0
26,7,"(7,)",0
26,8,"(8,)",0
26,9,"(9,)",0
26,10,"(10,)",0
26,11,"(11,)",0
26,12,"(12,)",0
26,13,"(13,)",0
26,14,"(14,)",0
26,15,"(15,)",0
26,16,"(16,)",0
26,17,"(17,)",0
26,18,"(18,)",0
26,19,"(19,)",0
26,20,"(20,)",0
26,21,"(21,)",0
26,22,"(22,)",0
26,23,"(23,)",0
26,24,"(24,)",0
26,25,"(25,)",0
26,26,"(26,)",0
26,27,"(27,)",0
26,28,"(28,)",0
26,29,"(29,)",0
26,30,"(30,)",0
26,31,"(31,)",0
26,32,"(32,)",0
26,33,"(33,)",0
26,34,"(34,)",0
26,35,"(35,)",0
26,36,"(36,)",0
26,37,"(37,)",0
26,38,"(38,)",0
26,39,"(39,)",0
26,40,"(40,)",0
26,41,"(41,)",0
26,42,"(42,)",0
26,43,"(43,)",0
26,44,"(44,)",0
26,45,"(45,)",0
26,46,"(46,)",0
26,47,"(47,)",0
26,48,"(48,)",1
26,49,"(49,)",1
26,50,"(50,)",1
26,51,"(51,)",1
26,52,"(52,)",0
26,53,"(53,)",1
26,54,"(54,)",1
26,55,"(55,)",1
26,56,"(56,)",1
26,57,"(57,)",1
26,58,"(58,)",0
26,59,"(59,)",1
26,60,"(60,)",1
26,61,"(61,)",1
26,62,"(62,)",0
26,63,"(63,)",1
26,64,"(64,)",0
26,65,"(65,)",1
26,66,"(66,)",1
26,67,"(67,)",1
26,68,"(68,)",0
26,69,"(69,)",1
26,70,"(70,)",0
26,71,"(71,)",1
26,72,"(72,)",1
26,73,"(73,)",1
26,74,"(74,)",0
26,75,"(75,)",1
26,76,"(76,)",1
26,77,"(77,)",1
26,78,"(78,)",0
26,79,"(79,)",1
26,80,"(80,)",1
26,81,"(81,)",1
26,82,"(82,)",1
26,83,"(83,)",1
26,84,"(84,)",0
26,85,"(85,)",1
26,86,"(86,)",0
26,87,"(87,)",1
26,88,"(88,)",0
26,89,"(89,)",1
26,90,"(90,)",1
26,91,"(91,)",1
26,92,"(92,)",1
26,93,"(93,)",1
26,94,"(94,)",1
26,95,"(95,)",1
26,96,"(96,)",0
26,97,"(97,)",1
26,98,"(98,)",1
26,99,"(99,)",1
26,100,"(100,)",0
26,101,"(101,)",1
27,1,"(1,)",0
27,2,"(2,)",0
27,3,"(3,)",0
27,4,"(4,)",0
27,5,"(5,)",0
27,6,"(6,)",0
27,7,"(7,)",0
27,8,"(8,)",0
27,9,"(9,)",0
27,10,"(10,)",0
27,11,"(11,)",0
27,12,"(12,)",0
27,13,"(13,)",0
27,14,"(14,)",0
27,15,"(15,)",0
27,16,"(16,)",0
27,17,"(17,)",0
27,18,"(18,)",0
27,19,"(19,)",0
27,20,"(20,)",0
27,21,"(21,)",0
27,22,"(22,)",0
27,23,"(23,)",0
27,24,"(24,)",0
27,25,"(25,)",0
27,26,"(26,)",0
27,27,"(27,)",0
27,28,"(28,)",0
27,29,"(29,)",0
27,30,"(30,)",0
27,31,"(31,)",0
27,32,"(32,)",0
27,33,"(33,)",0
27,34,"(34,)",0
27,35,"(35,)",0
27,36,"(36,)",0
27,37,"(37,)",0
27,38,"(38,)",0
27,39,"(39,)",0
27,40,"(40,)",0
27,41,"(41,)",0
27,42,"(42,)",0
27,43,"(43,)",0
27,44,"(44,)",0
27,45,"(45,)",0
27,46,"(46,)",0
27,47,"(47,)",1
27,48,"(48,)",0
27,49,"(49,)",1
27,50,"(50,)",0
27,51,"(51,)",1
27,52,"(52,)",1
27,53,"(53,)",1
27,54,"(54,)",0
27,55,"(55,)",1
27,56,"(56,)",0
27,57,"(57,)",1
27,58,"(58,)",1
27,59,"(59,)",1
27,60,"(60,)",0
27,61,"(61,)",1
27,62,"(62,)",1
27,63,"(63,)",1
27,64,"(64,)",1
27,65,"(65,)",1
27,66,"(66,)",0
27,67,"(67,)",1
27,68,"(68,)",1
27,69,"(69,)",1
27,70,"(70,)",1
27,71,"(71,)",1
27,72,"(72,)",0
27,73,"(73,)",1
27,74,"(74,)",1
27,75,"(75,)",1
27,76,"(76,)",0
27,77,"(77,)",1
27,78,"(78,)",1
27,79,"(79,)",1
27,80,"(80,)",0
27,81,"(81,)",1
27,82,"(82,)",0
27,83,"(83,)",1
27,84,"(84,)",1
27,85,"(85,)",1
27,86,"(86,)",1
27,87,"(87,)",1
27,88,"(88,)",1
27,89,"(89,)",1
27,90,"(90,)",0
27,91,"(91,)",1
27,92,"(92,)",0
27,93,"(93,)",1
27,94,"(94,)",0
27,95,"(95,)",1
27,96,"(96,)",1
27,97,"(97,)",1
27,98,"(98,)",0
27,99,"(99,)",1
27,100,"(100,)",1
27,101,"(101,)",1
28,1,"(1,)",0
28,2,"(2,)",0
28,3,"(3,)",0
28,4,"(4,)",0
28,5,"(5,)",0
28,6,"(6,)",0
28,7,"(7,)",0
28,8,"(8,)",0
28,9,"(9,)",0
28,10,"(10,)",0
28,11,"(11,)",0
28,12,"(12,)",0
28,13,"(13,)",0
28,14,"(14,)",0
28,15,"(15,)",0
28,16,"(16,)",0
28,17,"(17,)",0
28,18,"(18,)",0
28,19,"(19,)",0
28,20,"(20,)",0
28,21,"(21,)",0
28,22,"(22,)",0
28,23,"(23,)",0
28,24,"(24,)",0
28,25,"(25,)",0
28,26,"(26,)",0
28,27,"(27,)",0
28,28,"(28,)",0
28,29,"(29,)",0
28,30,"(30,)",0
28,31,"(31,)",0
28,32,"(32,)",0
28,33,"(33,)",0
28,34,"(34,)",0
28,35,"(35,)",0
28,36,"(36,)",0
28,37,"(37,)",0
28,38,"(38,)",0
28,39,"(39,)",0
28,40,"(40,)",0
28,41,"(41,)",0
28,42,"(42,)",0
28,43,"(43,)",0
28,44,"(44,)",0
28,45,"(45,)",0
28,46,"(46,)",1
28,47,"(47,)",1
28,48,"(48,)",1
28,49,"(49,)",1
28,50,"(50,)",1
28,51,"(51,)",1
28,52,"(52,)",0
28,53,"(53,)",1
28,54,"(54,)",1
28,55,"(55,)",1
28,56,"(56,)",1
28,57,"(57,)",1
28,58,"(58,)",0
28,59,"(59,)",1
28,60,"(60,)",1
28,61,"(61,)",1
28,62,"(62,)",0
28,63,"(63,)",1
28,64,"(64,)",0
28,65,"(65,)",1
28,66,"(66,)",1
28,67,"(67,)",1
28,68,"(68,)",0
28,69,"(69,)",1
28,70,"(70,)",0
28,71,"(71,)",1
28,72,"(72,)",1
28,73,"(73,)",1
28,74,"(74,)",0
28,75,"(75,)",1
28,76,"(76,)",1
28,77,"(77,)",1
28,78,"(78,)",0
28,79,"(79,)",1
28,80,"(80,)",1
28,81,"(81,)",1
28,82,"(82,)",1
28,83,"(83,)",1
28,84,"(84,)",0
28,85,"(85,)",1
28,86,"(86,)",0
28,87,"(87,)",1
28,88,"(88,)",0
28,89,"(89,)",1
28,90,"(90,)",1
28,91,"(91,)",1
28,92,"(92,)",1
28,93,"(93,)",1
28,94,"(94,)",1
28,95,"(95,)",1
28,96,"(96,)",0
28,97,"(97,)",1
28,98,"(98,)",1
28,99,"(99,)",1
28,100,"(100,)",0
28,101,"(101,)",1
29,1,"(1,)",0
29,2,"(2,)",0
29,3,"(3,)",0
29,4,"(4,)",0
29,5,"(5,)",0
29,6,"(6,)",0
29,7,"(7,)",0
29,8,"(8,)",0
29,9,"(9,)",0
29,10,"(10,)",0
29,11,"(11,)",0
29,12,"(12,)",0
29,13,"(13,)",0
29,14,"(14,)",0
29,15,"(15,)",0
29,16,"(16,)",0
29,17,"(17,)",0
29,18,"(18,)",0
29,19,"(19,)",0
29,20,"(20,)",0
29,21,"(21,)",0
29,22,"(22,)",0
29,23,"(23,)",0
29,24,"(24,)",0
29,25,"(25,)",0
29,26,"(26,)",0
29,27,"(27,)",0
29,28,"(28,)",0
29,29,"(29,)",0
29,30,"(30,)",0
29,31,"(31,)",0
29,32,"(32,)",0
29,33,"(33,)",0
29,34,"(34,)",0
29,35,"(35,)",0
29,36,"(36,)",0
29,37,"(37,)",0
29,38,"(38,)",0
29,39,"(39,)",0
29,40,"(40,)",0
29,41,"(41,)",0
29,42,"(42,)",0
29,43,"(43,)",0
29,44,"(44,)",1
29,45,"(45,)",1
29,46,"(46,)",0
29,47,"(47,)",1
29,48,"(48,)",0
29,49,"(49,)",1
29,50,"(50,)",0
29,51,"(51,)",1
29,52,"(52,)",1
29,53,"(53,)",1
29,54,"(54,)",0
29,55,"(55,)",1
29,56,"(56,)",0
29,57,"(57,)",1
29,58,"(58,)",1
29,59,"(59,)",1
29,60,"(60,)",0
29,61,"(61,)",1
29,62,"(62,)",1
29,63,"(63,)",1
29,64,"(64,)",1
29,65,"(65,)",1
29,66,"(66,)",0
29,67,"(67,)",1
29,68,"(68,)",1
29,69,"(69,)",1
29,70,"(70,)",1
29,71,"(71,)",1
29,72,"(72,)",0
29,73,"(73,)",1
29,74,"(74,)",1
29,75,"(75,)",1
29,76,"(76,)",0
29,77,"(77,)",1
29,78,"(78,)",1
29,79,"(79,)",1
29,80,"(80,)",0
29,81,"(81,)",1
29,82,"(82,)",0
29,83,"(83,)",1
29,84,"(84,)",1
29,85,"(85,)",1
29,86,"(86,)",1
29,87,"(87,)",1
29,88,"(88,)",1
29,89,"(89,)",1
29,90,"(90,)",0
29,91,"(91,)",1
29,92,"(92,)",0
29,93,"(93,)",1
29,94,"(94,)",0
29,95,"(95,)",1
29,96,"(96,)",1
29,97,"(97,)",1
29,98,"(98,)",0
29,99,"(99,)",1
29,100,"(100,)",1
29,101,"(101,)",1
30,1,"(1,)",0
30,2,"(2,)",0
30,3,"(3,)",0
30,4,"(4,)",0
30,5,"(5,)",0
30,6,"(6,)",0
30,7,"(7,)",0
30,8,"(8,)",0
30,9,"(9,)",0
30,10,"(10,)",0
30,11,"(11,)",0
30,12,"(12,)",0
30,13,"(13,)",0
30,14,"(14,)",0
30,15,"(15,)",0
30,16,"(16,)",0
30,17,"(17,)",0
30,18,"(18,)",0
30,19,"(19,)",0
30,20,"(20,)",0
30,21,"(21,)",0
30,22,"(22,)",0
30,23,"(23,)",0
30,24,"(24,)",0
30,25,"(25,)",0
30,26,"(26,)",0
30,27,"(27,)",0
30,28,"(28,)",0
30,29,"(29,)",0
30,30,"(30,)",0
30,31,"(31,)",0
30,32,"(32,)",0
30,33,"(33,)",0
30,34,"(34,)",0
30,35,"(35,)",0
30,36,"(36,)",0
30,37,"(37,)",0
30,38,"(38,)",0
30,39,"(39,)",0
30,40,"(40,)",0
30,41,"(41,)",0
30,42,"(42,)",1
30,43,"(43,)",1
30,44,"(44,)",0
30,45,"(45,)",1
30,46,"(46,)",1
30,47,"(47,)",1
30,48,"(48,)",1
30,49,"(49,)",1
30,50,"(50,)",1
30,51,"(51,)",1
30,52,"(52,)",0
30,53,"(53,)",1
30,54,"(54,)",1
30,55,"(55,)",1
30,56,"(56,)",1
30,57,"(57,)",1
30,58,"(58,)",0
30,59,"(59,)",1
30,60,"(60,)",1
30,61,"(61,)",1
30,62,"(62,)",0
30,63,"(63,)",1
30,64,"(64,)",0
30,65,"(65,)",1
30,66,"(66,)",1
30,67,"(67,)",1
30,68,"(68,)",0
30,69,"(69,)",1
30,70,"(70,)",0
30,71,"(71,)",1
30,72,"(72,)",1
30,73,"(73,)",1
30,74,"(74,)",0
30,75,"(75,)",1
30,76,"(76,)",1
30,77,"(77,)",1
30,78,"(78,)",0
30,79,"(79,)",1
30,80,"(80,)",1
30,81,"(81,)",1
30,82,"(82,)",1
30,83,"(83,)",1
30,84,"(84,)",0
30,85,"(85,)",1
30,86,"(86,)",0
30,87,"(87,)",1
30,88,"(88,)",0
30,89,"(89,)",1
30,90,"(90,)",1
30,91,"(91,)",1
30,92,"(92,)",1
30,93,"(93,)",1
30,94,"(94,)",1
30,95,"(95,)",1
30,96,"(96,)",0
30,97,"(97,)",1
30,98,"(98,)",1
30,99,"(99,)",1
30,100,"(100,)",0
30,101,"(101,)",1
31,1,"(1,)",0
31,2,"(2,)",0
31,3,"(3,)",0
31,4,"(4,)",0
31,5,"(5,)",0
31,6,"(6,)",0
31,7,"(7,)",0
31,8,"(8,)",0
31,9,"(9,)",0
31,10,"(10,)",0
31,11,"(11,)",0
31,12,"(12,)",0
31,13,"(13,)",0
31,14,"(14,)",0
31,15,"(15,)",0
31,16,"(16,)",0
31,17,"(17,)",0
31,18,"(18,)",0
31,19,"(19,)",0
31,20,"(20,)",0
31,21,"(21,)",0
31,22,"(22,)",0
31,23,"(23,)",0
31,24,"(24,)",0
31,25,"(25,)",0
31,26,"(26,)",0
31,27,"(27,)",0
31,28,"(28,)",0
31,29,"(29,)",0
31,30,"(30,)",0
31,31,"(31,)",0
31,32,"(32,)",0
31,33,"(33,)",0
31,34,"(34,)",0
31,35,"(35,)",0
31,36,"(36,)",0
31,37,"(37,)",0
31,38,"(38,)",0
31,39,"(39,)",0
31,40,"(40,)",1
31,41,"(41,)",1
31,42,"(42,)",0
31,43,"(43,)",1
31,44,"(44,)",1
31,45,"(45,)",1
31,46,"(46,)",0
31,47,"(47,)",1
31,48,"(48,)",0
31,49,"(49,)",1
31,50,"(50,)",0
31,51,"(51,)",1
31,52,"(52,)",1
31,53,"(53,)",1
31,54,"(54,)",0
31,55,"(55,)",1
31,56,"(56,)",0
31,57,"(57,)",1
31,58,"(58,)",1
31,59,"(59,)",1
31,60,"(60,)",0
31,61,"(61,)",1
31,62,"(62,)",1
31,63,"(63,)",1
31,64,"(64,)",1
31,65,"(65,)",1
31,66,"(66,)",0
31,67,"(67,)",1
31,68,"(68,)",1
31,69,"(69,)",1
31,70,"(70,)",1
31,71,"(71,)",1
31,72,"(72,)",0
31,73,"(73,)",1
31,74,"(74,)",1
31,75,"(75,)",1
31,76,"(76,)",0
31,77,"(77,)",1
31,78,"(78,)",1
31,79,"(79,)",1
31,80,"(80,)",0
31,81,"(81,)",1
31,82,"(82,)",0
31,83,"(83,)",1
31,84,"(84,)",1
31,85,"(85,)",1
31,86,"(86,)",1
31,87,"(87,)",1
31,88,"(88,)",1
31,89,"(89,)",1
31,90,"(90,)",0
31,91,"(91,)",1
31,92,"(92,)",0
31,93,"(93,)",1
31,94,"(94,)",0
31,95,"(95,)",1
31,96,"(96,)",1
31,97,"(97,)",1
31,98,"(98,)",0
31,99,"(99,)",1
31,100,"(100,)",1
31,101,"(101,)",1
32,1,"(1,)",0
32,2,"(2,)",0
32,3,"(3,)",0
32,4,"(4,)",0
32,5,"(5,)",0
32,6,"(6,)",0
32,7,"(7,)",0
32,8,"(8,)",0
32,9,"(9,)",0
32,10,"(10,)",0
32,11,"(11,)",0
32,12,"(12,)",0
32,13,"(13,)",0
32,14,"(14,)",0
32,15,"(15,)",0
32,16,"(16,)",0
32,17,"(17,)",0
32,18,"(18,)",0
32,19,"(19,)",0
32,20,"(20,)",0
32,21,"(21,)",0
32,22,"(22,)",0
32,23,"(23,)",0
32,24,"(24,)",0
32,25,"(25,)",0
32,26,"(26,)",0
32,27,"(27,)",0
32,28,"(28,)",0
32,29,"(29,)",0
32,30,"(30,)",0
32,31,"(31,)",0
32,32,"(32,)",0
32,33,"(33,)",0
32,34,"(34,)",0
32,35,"(35,)",0
32,36,"(36,)",0
32,37,"(37,)",1
32,38,"(38,)",1
32,39,"(39,)",1
32,40,"(40,)",0
32,41,"(41,)",1
32,42,"(42,)",1
32,43,"(43,)",1
32,44,"(44,)",0
32,45,"(45,)",1
32,46,"(46,)",1
32,47,"(47,)",1
32,48,"(48,)",1
32,49,"(49,)",1
32,50,"(50,)",1
32,51,"(51,)",1
32,52,"(52,)",0
32,53,"(53,)",1
32,54,"(54,)",1
32,55,"(55,)",1
32,56,"(56,)",1
32,57,"(57,)",1
32,58,"(58,)",0
32,59,"(59,)",1
32,60,"(60,)",1
32,61,"(61,)",1
32,62,"(62,)",0
32,63,"(63,)",1
32,64,"(64,)",0
32,65,"(65,)",1
32,66,"(66,)",1
32,67,"(67,)",1
32,68,"(68,)",0
32,69,"(69,)",1
32,70,"(70,)",0
32,71,"(71,)",1
32,72,"(72,)",1
32,73,"(73,)",1
32,74,"(74,)",0
32,75,"(75,)",1
32,76,"(76,)",1
32,77,"(77,)",1
32,78,"(78,)",0
32,79,"(79,)",1
32,80,"(80,)",1
32,81,"(81,)",1
32,82,"(82,)",1
32,83,"(83,)",1
32,84,"(84,)",0
32,85,"(85,)",1
32,86,"(86,)",0
32,87,"(87,)",1
32,88,"(88,)",0
32,89,"(89,)",1
32,90,"(90,)",1
32,91,"(91,)",1
32,92,"(92,)",1
32,93,"(93,)",1
32,94,"(94,)",1
32,95,"(95,)",1
32,96,"(96,)",0
32,97,"(97,)",1
32,98,"(98,)",1
32,99,"(99,)",1
32,100,"(100,)",0
32,101,"(101,)",1
33,1,"(1,)",0
33,2,"(2,)",0
33,3,"(3,)",0
33,4,"(4,)",0
33,5,"(5,)",0
33,6,"(6,)",0
33,7,"(7,)",0
33,8,"(8,)",0
33,9,"(9,)",0
33,10,"(10,)",0
33,11,"(11,)",0
33,12,"(12,)",0
33,13,"(13,)",0
33,14,"(14,)",0
33,15,"(15,)",0
33,16,"(16,)",0
33,17,"(17,)",0
33,18,"(18,)",0
33,19,"(19,)",0
33,20,"(20,)",0
33,21,"(21,)",0
33,22,"(22,)",0
33,23,"(23,)",0
33,24,"(24,)",0
33,25,"(25,)",0
33,26,"(26,)",0
33,27,"(27,)",0
33,28,"(28,)",0
33,29,"(29,)",0
33,30,"(30,)",0
33,31,"(31,)",0
33,32,"(32,)",0
33,33,"(33,)",0
33,34,"(34,)",0
33,35,"(35,)",0
33,36,"(36,)",1
33,37,"(37,)",1
33,38,"(38,)",0
33,39,"(39,)",1
33,40,"(40,)",1
33,41,"(41,)",1
33,42,"(42,)",0
33,43,"(43,)",1
33,44,"(44,)",1
33,45,"(45,)",1
33,46,"(46,)",0
33,47,"(47,)",1
33,48,"(48,)",0
33,49,"(49,)",1
33,50,"(50,)",0
33,51,"(51,)",1
33,52,"(52,)",1
33,53,"(53,)",1
33,54,"(54,)",0
33,55,"(55,)",1
33,56,"(56,)",0
33,57,"(57,)",1
33,58,"(58,)",1
33,59,"(59,)",1
33,60,"(60,)",0
33,61,"(61,)",1
33,62,"(62,)",1
33,63,"(63,)",1
33,64,"(64,)",1
33,65,"(65,)",1
33,66,"(66,)",0
33,67,"(67,)",1
33,68,"(68,)",1
33,69,"(69,)",1
33,70,"(70,)",1
33,71,"(71,)",1
33,72,"(72,)",0
33,73,"(73,)",1
33,74,"(74,)",1
33,75,"(75,)",1
33,76,"(76,)",0
33,77,"(77,)",1
33,78,"(78,)",1
33,79,"(79,)",1
33,80,"(80,)",0
33,81,"(81,)",1
33,82,"(82,)",0
33,83,"(83,)",1
33,84,"(84,)",1
33,85,"(85,)",1
33,86,"(86,)",1
33,87,"(87,)",1
33,88,"(88,)",1
33,89,"(89,)",1
33,90,"(90,)",0
33,91,"(91,)",1
33,92,"(92,)",0
33,93,"(93,)",1
33,94,"(94,)",0
33,95,"(95,)",1
33,96,"(96,)",1
33,97,"(97,)",1
33,98,"(98,)",0
33,99,"(99,)",1
33,100,"(100,)",1
33,101,"(101,)",1
34,1,"(1,)",0
34,2,"(2,)",0
34,3,"(3,)",0
34,4,"(4,)",0
34,5,"(5,)",0
34,6,"(6,)",0
34,7,"(7,)",0
34,8,"(8,)",0
34,9,"(9,)",0
34,10,"(10,)",0
34,11,"(11,)",0
34,12,"(12,)",0
34,13,"(13,)",0
34,14,"(14,)",0
34,15,"(15,)",0
34,16,"(16,)",0
34,17,"(17,)",0
34,18,"(18,)",0
34,19,"(19,)",0
34,20,"(20,)",0
34,21,"(21,)",0
34,22,"(22,)",0
34,23,"(23,)",0
34,24,"(24,)",0
34,25,"(25,)",0
34,26,"(26,)",0
34,27,"(27,)",0
34,28,"(28,)",0
34,29,"(29,)",0
34,30,"(30,)",0
34,31,"(31,)",0
34,32,"(32,)",0
34,33,"(33,)",1
34,34,"(34,)",1
34,35,"(35,)",1
34,36,"(36,)",0
34,37,"(37,)",1
34,38,"(38,)",1
34,39,"(39,)",1
34,40,"(40,)",0
34,41,"(41,)",1
34,42,"(42,)",1
34,43,"(43,)",1
34,44,"(44,)",0
34,45,"(45,)",1
34,46,"(46,)",1
34,47,"(47,)",1
34,48,"(48,)",1
34,49,"(49,)",1
34,50,"(50,)",1
34,51,"(51,)",1
34,52,"(52,)",0
34,53,"(53,)",1
34,54,"(54,)",1
34,55,"(55,)",1
34,56,"(56,)",1
34,57,"(57,)",1
34,58,"(58,)",0
34,59,"(59,)",1
34,60,"(60,)",1
34,61,"(61,)",1
34,62,"(62,)",0
34,63,"(63,)",1
34,64,"(64,)",0
34,65,"(65,)",1
34,66,"(66,)",1
34,67,"(67,)",1
34,68,"(68,)",0
34,69,"(69,)",1
34,70,"(70,)",0
34,71,"(71,)",1
34,72,"(72,)",1
34,73,"(73,)",1
34,74,"(74,)",0
34,75,"(75,)",1
34,76,"(76,)",1
34,77,"(77,)",1
34,78,"(78,)",0
34,79,"(79,)",1
34,80,"(80,)",1
34,81,"(81,)",1
34,82,"(82,)",1
34,83,"(83,)",1
34,84,"(84,)",0
34,85,"(85,)",1
34,86,"(86,)",0
34,87,"(87,)",1
34,88,"(88,)",0
34,89,"(89,)",1
34,90,"(90,)",1
34,91,"(91,)",1
34,92,"(92,)",1
34,93,"(93,)",1
34,94,"(94,)",1
34,95,"(95,)",1
34,96,"(96,)",0
34,97,"(97,)",1
34,98,"(98,)",1
34,99,"(99,)",1
34,100,"(100,)",0
34,101,"(101,)",1
35,1,"(1,)",0
35,2,"(2,)",0
35,3,"(3,)",0
35,4,"(4,)",0
35,5,"(5,)",0
35,6,"(6,)",0
35,7,"(7,)",0
35,8,"(8,)",0
35,9,"(9,)",0
35,10,"(10,)",0
35,11,"(11,)",0
35,12,"(12,)",0
35,13,"(13,)",0
35,14,"(14,)",0
35,15,"(15,)",0
35,16,"(16,)",0
35,17,"(17,)",0
35,18,"(18,)",0
35,19,"(19,)",0
35,20,"(20,)",0
35,21,"(21,)",0
35,22,"(22,)",0
35,23,"(23,)",0
35,24,"(24,)",0
35,25,"(25,)",0
35,26,"(26,)",0
35,27,"(27,)",0
35,28,"(28,)",0
35,29,"(29,)",0
35,30,"(30,)",0
35,31,"(31,)",1
35,32,"(32,)",1
35,33,"(33,)",1
35,34,"(34,)",0
35,35,"(35,)",1
35,36,"(36,)",1
35,37,"(37,)",1
35,38,"(38,)",0
35,39,"(39,)",1
35,40,"(40,)",1
35,41,"(41,)",1
35,42,"(42,)",0
35,43,"(43,)",1
35,44,"(44,)",1
35,45,"(45,)",1
35,46,"(46,)",0
35,47,"(47,)",1
35,48,"(48,)",0
35,49,"(49,)",1
35,50,"(50,)",0
35,51,"(51,)",1
35,52,"(52,)",1
35,53,"(53,)",1
35,54,"(54,)",0
35,55,"(55,)",1
35,56,"(56,)",0
35,57,"(57,)",1
35,58,"(58,)",1
35,59,"(59,)",1
35,60,"(60,)",0
35,61,"(61,)",1
35,62,"(62,)",1
35,63,"(63,)",1
35,64,"(64,)",1
35,65,"(65,)",1
35,66,"(66,)",0
35,67,"(67,)",1
35,68,"(68,)",1
35,69,"(69,)",1
35,70,"(70,)",1
35,71,"(71,)",1
35,72,"(72,)",0
35,73,"(73,)",1
35,74,"(74,)",1
35,75,"(75,)",1
35,76,"(76,)",0
35,77,"(77,)",1
35,78,"(78,)",1
35,79,"(79,)",1
35,80,"(80,)",0
35,81,"(81,)",1
35,82,"(82,)",0
35,83,"(83,)",1
35,84,"(84,)",1
35,85,"(85,)",1
35,86,"(86,)",1
35,87,"(87,)",1
35,88,"(88,)",1
35,89,"(89,)",1
35,90,"(90,)",0
35,91,"(91,)",1
35,92,"(92,)",0
35,93,"(93,)",1
35,94,"(94,)",0
35,95,"(95,)",1
35,96,"(96,)",1
35,97,"(97,)",1
35,98,"(98,)",0
35,99,"(99,)",1
35,100,"(100,)",1
35,101,"(101,)",1
36,1,"(1,)",0
36,2,"(2,)",0
36,3,"(3,)",0
36,4,"(4,)",0
36,5,"(5,)",0
36,6,"(6,)",0
36,7,"(7,)",0
36,8,"(8,)",0
36,9,"(9,)",0
36,10,"(10,)",0
36,11,"(11,)",0
36,12,"(12,)",0
36,13,"(13,)",0
36,14,"(14,)",0
36,15,"(15,)",0
36,16,"(16,)",0
36,17,"(17,)",0
36,18,"(18,)",0
36,19,"(19,)",0
36,20,"(20,)",0
36,21,"(21,)",0
36,22,"(22,)",0
36,23,"(23,)",0
36,24,"(24,)",0
36,25,"(25,)",0
36,26,"(26,)",0
36,27,"(27,)",0
36,28,"(28,)",0
36,29,"(29,)",1
36,30,"(30,)",1
36,31,"(31,)",1
36,32,"(32,)",0
36,33,"(33,)",1
36,34,"(34,)",1
36,35,"(35,)",1
36,36,"(36,)",0
36,37,"(37,)",1
36,38,"(38,)",1
36,39,"(39,)",1
36,40,"(40,)",0
36,41,"(41,)",1
36,42,"(42,)",1
36,43,"(43,)",1
36,44,"(44,)",0
36,45,"(45,)",1
36,46,"(46,)",1
36,47,"(47,)",1
36,48,"(48,)",1
36,49,"(49,)",1
36,50,"(50,)",1
36,51,"(51,)",1
36,52,"(52,)",0
36,53,"(53,)",1
36,54,"(54,)",1
36,55,"(55,)",1
36,56,"(56,)",1
36,57,"(57,)",1
36,58,"(58,)",0
36,59,"(59,)",1
36,60,"(60,)",1
36,61,"(61,)",1
36,62,"(62,)",0
36,63,"(63,)",1
36,64,"(64,)",0
36,65,"(65,)",1
36,66,"(66,)",1
36,67,"(67,)",1
36,68,"(68,)",0
36,69,"(69,)",1
36,70,"(70,)",0
36,71,"(71,)",1
36,72,"(72,)",1
36,73,"(73,)",1
36,74,"(74,)",0
36,75,"(75,)",1
36,76,"(76,)",1
36,77,"(77,)",1
36,78,"(78,)",0
36,79,"(79,)",1
36,80,"(80,)",1
36,81,"(81,)",1
36,82,"(82,)",1
36,83,"(83,)",1
36,84,"(84,)",0
36,85,"(85,)",1
36,86,"(86,)",0
36,87,"(87,)",1
36,88,"(88,)",0
36,89,"(89,)",1
36,90,"(90,)",1
36,91,"(91,)",1
36,92,"(92,)",1
36,93,"(93,)",1
36,94,"(94,)",1
36,95,"(95,)",1
36,96,"(96,)",0
36,97,"(97,)",1
36,98,"(98,)",1
36,99,"(99,)",1
36,100,"(100,)",0
36,101,"(101,)",1
37,1,"(1,)",0
37,2,"(2,)",0
37,3,"(3,)",0
37,4,"(4,)",0
37,5,"(5,)",0
37,6,"(6,)",0
37,7,"(7,)",0
37,8,"(8,)",0
37,9,"(9,)",0
37,10,"(10,)",0
37,11,"(11,)",0
37,12,"(12,)",0
37,13,"(13,)",0
37,14,"(14,)",0
37,15,"(15,)",0
37,16,"(16,)",0
37,17,"(17,)",0
37,18,"(18,)",0
37,19,"(19,)",0
37,20,"(20,)",0
37,21,"(21,)",0
37,22,"(22,)",0
37,23,"(23,)",0
37,24,"(24,)",0
37,25,"(25,)",0
37,26,"(26,)",0
37,27,"(27,)",1
37,28,"(28,)",1
37,29,"(29,)",1
37,30,"(30,)",0
37,31,"(31,)",1
37,32,"(32,)",1
37,33,"(33,)",1
37,34,"(34,)",0
37,35,"(35,)",1
37,36,"(36,)",1
37,37,"(37,)",1
37,38,"(38,)",0
37,39,"(39,)",1
37,40,"(40,)",1
37,41,"(41,)",1
37,42,"(42,)",0
37,43,"(43,)",1
37,44,"(44,)",1
37,45,"(45,)",1
37,46,"(46,)",0
37,47,"(47,)",1
37,48,"(48,)",0
37,49,"(49,)",1
37,50,"(50,)",0
37,51,"(51,)",1
37,52,"(52,)",1
37,53,"(53,)",1
37,54,"(54,)",0
37,55,"(55,)",1
37,56,"(56,)",0
37,57,"(57,)",1
37,58,"(58,)",1
37,59,"(59,)",1
37,60,"(60,)",0
37,61,"(61,)",1
37,62,"(62,)",1
37,63,"(63,)",1
37,64,"(64,)",1
37,65,"(65,)",1
37,66,"(66,)",0
37,67,"(67,)",1
37,68,"(68,)",1
37,69,"(69,)",1
37,70,"(70,)",1
37,71,"(71,)",1
37,72,"(72,)",0
37,73,"(73,)",1
37,74,"(74,)",1
37,75,"(75,)",1
37,76,"(76,)",0
37,77,"(77,)",1
37,78,"(78,)",1
37,79,"(79,)",1
37,80,"(80,)",0
37,81,"(81,)",1
37,82,"(82,)",0
37,83,"(83,)",1
37,84,"(84,)",1
37,85,"(85,)",1
37,86,"(86,)",1
37,87,"(87,)",1
37,88,"(88,)",1
37,89,"(89,)",1
37,90,"(90,)",0
37,91,"(91,)",1
37,92,"(92,)",0
37,93,"(93,)",1
37,94,"(94,)",0
37,95,"(95,)",1
37,96,"(96,)",1
37,97,"(97,)",1
37,98,"(98,)",0
37,99,"(99,)",1
37,100,"(100,)",1
37,101,"(101,)",1
38,1,"(1,)",0
38,2,"(2,)",0
38,3,"(3,)",0
38,4,"(4,)",0
38,5,"(5,)",0
38,6,"(6,)",0
38,7,"(7,)",0
38,8,"(8,)",0
38,9,"(9,)",0
38,10,"(10,)",0
38,11,"(11,)",0
38,12,"(12,)",0
38,13,"(13,)",0
38,14,"(14,)",0
38,15,"(15,)",0
38,16,"(16,)",0
38,17,"(17,)",0
38,18,"(18,)",0
38,19,"(19,)",0
38,20,"(20,)",0
38,21,"(21,)",0
38,22,"(22,)",0
38,23,"(23,)",0
38,24,"(24,)",0
38,25,"(25,)",0
38,26,"(26,)",1
38,27,"(27,)",1
38,28,"(28,)",0
38,29,"(29,)",1
38,30,"(30,)",1
38,31,"(31,)",1
38,32,"(32,)",0
38,33,"(33,)",1
38,34,"(34,)",1
38,35,"(35,)",1
38,36,"(36,)",0
38,37,"(37,)",1
38,38,"(38,)",1
38,39,"(39,)",1
38,40,"(40,)",0
38,41,"(41,)",1
38,42,"(42,)",1
38,43,"(43,)",1
38,44,"(44,)",0
38,45,"(45,)",1
38,46,"(46,)",1
38,47,"(47,)",1
38,48,"(48,)",1
38,49,"(49,)",1
38,50,"(50,)",1
38,51,"(51,)",1
38,52,"(52,)",0
38,53,"(53,)",1
38,54,"(54,)",1
38,55,"(55,)",1
38,56,"(56,)",1
38,57,"(57,)",1
38,58,"(58,)",0
38,59,"(59,)",1
38,60,"(60,)",1
38,61,"(61,)",1
38,62,"(62,)",0
38,63,"(63,)",1
38,64,"(64,)",0
38,65,"(65,)",1
38,66,"(66,)",1
38,67,"(67,)",1
38,68,"(68,)",0
38,69,"(69,)",1
38,70,"(70,)",0
38,71,"(71,)",1
38,72,"(72,)",1
38,73,"(73,)",1
38,74,"(74,)",0
38,75,"(75,)",1
38,76,"(76,)",1
38,77,"(77,)",1
38,78,"(78,)",0
38,79,"(79,)",1
38,80,"(80,)",1
38,81,"(81,)",1
38,82,"(82,)",1
38,83,"(83,)",1
38,84,"(84,)",0
38,85,"(85,)",1
38,86,"(86,)",0
38,87,"(87,)",1
38,88,"(88,)",0
38,89,"(89,)",1
38,90,"(90,)",1
38,91,"(91,)",1
38,92,"(92,)",1
38,93,"(93,)",1
38,94,"(94,)",1
38,95,"(95,)",1
38,96,"(96,)",0
38,97,"(97,)",1
38,98,"(98,)",1
38,99,"(99,)",1
38,100,"(100,)",0
38,101,"(101,)",1
39,1,"(1,)",0
39,2,"(2,)",0
39,3,"(3,)",0
39,4,"(4,)",0
39,5,"(5,)",0
39,6,"(6,)",0
39,7,"(7,)",0
39,8,"(8,)",0
39,9,"(9,)",0
39,10,"(10,)",0
39,11,"(11,)",0
39,12,"(12,)",0
39,13,"(13,)",0
39,14,"(14,)",0
39,15,"(15,)",0
39,16,"(16,)",0
39,17,"(17,)",0
39,18,"(18,)",0
39,19,"(19,)",0
39,20,"(20,)",0
39,21,"(21,)",0
39,22,"(22,)",0
39,23,"(23,)",0
39,24,"(24,)",1
39,25,"(25,)",1
39,26,"(26,)",0
39,27,"(27,)",1
39,28,"(28,)",1
39,29,"(29,)",1
39,30,"(30,)",0
39,31,"(31,)",1
39,32,"(32,)",1
39,33,"(33,)",1
39,34,"(34,)",0
39,35,"(35,)",1
39,36,"(36,)",1
39,37,"(37,)",1
39,38,"(38,)",0
39,39,"(39,)",1
39,40,"(40,)",1
39,41,"(41,)",1
39,42,"(42,)",0
39,43,"(43,)",1
39,44,"(44,)",1
39,45,"(45,)",1
39,46,"(46,)",0
39,47,"(47,)",1
39,48,"(48,)",0
39,49,"(49,)",1
39,50,"(50,)",0
39,51,"(51,)",1
39,52,"(52,)",1
39,53,"(53,)",1
39,54,"(54,)",0
39,55,"(55,)",1
39,56,"(56,)",0
39,57,"(57,)",1
39,58,"(58,)",1
39,59,"(59,)",1
39,60,"(60,)",0
39,61,"(61,)",1
39,62,"(62,)",1
39,63,"(63,)",1
39,64,"(64,)",1
39,65,"(65,)",1
39,66,"(66,)",0
39,67,"(67,)",1
39,68,"(68,)",1
39,69,"(69,)",1
39,70,"(70,)",1
39,71,"(71,)",1
39,72,"(72,)",0
39,73,"(73,)",1
39,74,"(74,)",1
39,75,"(75,)",1
39,76,"(76,)",0
39,77,"(77,)",1
39,78,"(78,)",1
39,79,"(79,)",1
39,80,"(80,)",0
39,81,"(81,)",1
39,82,"(82,)",0
39,83,"(83,)",1
39,84,"(84,)",1
39,85,"(85,)",1
39,86,"(86,)",1
39,87,"(87,)",1
39,88,"(88,)",1
39,89,"(89,)",1
39,90,"(90,)",0
39,91,"(91,)",1
39,92,"(92,)",0
39,93,"(93,)",1
39,94,"(94,)",0
39,95,"(95,)",1
39,96,"(96,)",1
39,97,"(97,)",1
39,98,"(98,)",0
39,99,"(99,)",1
39,100,"(100,)",1
39,101,"(101,)",1
40,1,"(1,)",0
40,2,"(2,)",0
40,3,"(3,)",0
40,4,"(4,)",0
40,5,"(5,)",0
40,6,"(6,)",0
40,7,"(7,)",0
40,8,"(8,)",0
40,9,"(9,)",0
40,10,"(10,)",0
40,11,"(11,)",0
40,12,"(12,)",0
40,13,"(13,)",0
40,14,"(14,)",0
40,15,"(15,)",0
40,16,"(16,)",0
40,17,"(17,)",0
40,18,"(18,)",0
40,19,"(19,)",0
40,20,"(20,)",0
40,21,"(21,)",0
40,22,"(22,)",1
40,23,"(23,)",1
40,24,"(24,)",0
40,25,"(25,)",1
40,26,"(26,)",1
40,27,"(27,)",1
40,28,"(28,)",0
40,29,"(29,)",1
40,30,"(30,)",1
40,31,"(31,)",1
40,32,"(32,)",0
40,33,"(33,)",1
40,34,"(34,)",1
40,35,"(35,)",1
40,36,"(36,)",0
40,37,"(37,)",1
40,38,"(38,)",1
40,39,"(39,)",1
40,40,"(40,)",0
40,41,"(41,)",1
40,42,"(42,)",1
40,43,"(43,)",1
40,44,"(44,)",0
40,45,"(45,)",1
40,46,"(46,)",1
40,47,"(47,)",1
40,48,"(48,)",1
40,49,"(49,)",1
40,50,"(50,)",1
40,51,"(51,)",1
40,52,"(52,)",0
40,53,"(53,)",1
40,54,"(54,)",1
40,55,"(55,)",1
40,56,"(56,)",1
40,57,"(57,)",1
40,58,"(58,)",0
40,59,"(59,)",1
40,60,"(60,)",1
40,61,"(61,)",1
40,62,"(62,)",0
40,63,"(63,)",1
40,64,"(64,)",0
40,65,"(65,)",1
40,66,"(66,)",1
40,67,"(67,)",1
40,68,"(68,)",0
40,69,"(69,)",1
40,70,"(70,)",0
40,71,"(71,)",1
40,72,"(72,)",1
40,73,"(73,)",1
40,74,"(74,)",0
40,75,"(75,)",1
40,76,"(76,)",1
40,77,"(77,)",1
40,78,"(78,)",0
40,79,"(79,)",1
40,80,"(80,)",1
40,81,"(81,)",1
40,82,"(82,)",1
40,83,"(83,)",1
40,84,"(84,)",0
40,85,"(85,)",1
40,86,"(86,)",0
40,87,"(87,)",1
40,88,"(88,)",0
40,89,"(89,)",1
40,90,"(90,)",1
40,91,"(91,)",1
40,92,"(92,)",1
40,93,"(93,)",1
40,94,"(94,)",1
40,95,"(95,)",1
40,96,"(96,)",0
40,97,"(97,)",1
40,98,"(98,)",1
40,99,"(99,)",1
40,100,"(100,)",0
40,101,"(101,)",1
41,1,"(1,)",0
41,2,"(2,)",0
41,3,"(3,)",0
41,4,"(4,)",0
41,5,"(5,)",0
41,6,"(6,)",0
41,7,"(7,)",0
41,8,"(8,)",0
41,9,"(9,)",0
41,10,"(10,)",0
41,11,"(11,)",0
41,12,"(12,)",0
41,13,"(13,)",0
41,14,"(14,)",0
41,15,"(15,)",0
41,16,"(16,)",0
41,17,"(17,)",0
41,18,"(18,)",0
41,19,"(19,)",0
41,20,"(20,)",0
41,21,"(21,)",1
41,22,"(22,)",0
41,23,"(23,)",1
41,24,"(24,)",1
41,25,"(25,)",1
41,26,"(26,)",0
41,27,"(27,)",1
41,28,"(28,)",1
41,29,"(29,)",1
41,30,"(30,)",0
41,31,"(31,)",1
41,32,"(32,)",1
41,33,"(33,)",1
41,34,"(34,)",0
41,35,"(35,)",1
41,36,"(36,)",1
41,37,"(37,)",1
41,38,"(38,)",0
41,39,"(39,)",1
41,40,"(40,)",1
41,41,"(41,)",1
41,42,"(42,)",0
41,43,"(43,)",1
41,44,"(44,)",1
41,45,"(45,)",1
41,46,"(46,)",0
41,47,"(47,)",1
41,48,"(48,)",0
41,49,"(49,)",1
41,50,"(50,)",0
41,51,"(51,)",1
41,52,"(52,)",1
41,53,"(53,)",1
41,54,"(54,)",0
41,55,"(55,)",1
41,56,"(56,)",0
41,57,"(57,)",1
41,58,"(58,)",1
41,59,"(59,)",1
41,60,"(60,)",0
41,61,"(61,)",1
41,62,"(62,)",1
41,63,"(63,)",1
41,64,"(64,)",1
41,65,"(65,)",1
41,66,"(66,)",0
41,67,"(67,)",1
41,68,"(68,)",1
41,69,"(69,)",1
41,70,"(70,)",1
41,71,"(71,)",1
41,72,"(72,)",0
41,73,"(73,)",1
41,74,"(74,)",1
41,75,"(75,)",1
41,76,"(76,)",0
41,77,"(77,)",1
41,78,"(78,)",1
41,79,"(79,)",1
41,80,"(80,)",0
41,81,"(81,)",1
41,82,"(82,)",0
41,83,"(83,)",1
41,84,"(84,)",1
41,85,"(85,)",1
41,86,"(86,)",1
41,87,"(87,)",1
41,88,"(88,)",1
41,89,"(89,)",1
41,90,"(90,)",0
41,91,"(91,)",1
41,92,"(92,)",0
41,93,"(93,)",1
41,94,"(94,)",0
41,95,"(95,)",1
41,96,"(96,)",1
41,97,"(97,)",1
41,98,"(98,)",0
41,99,"(99,)",1
41,100,"(100,)",1
41,101,"(101,)",1
42,1,"(1,)",0
42,2,"(2,)",0
42,3,"(3,)",0
42,4,"(4,)",0
42,5,"(5,)",0
42,6,"(6,)",0
42,7,"(7,)",0
42,8,"(8,)",0
42,9,"(9,)",0
42,10,"(10,)",0
42,11,"(11,)",0
42,12,"(12,)",0
42,13,"(13,)",0
42,14,"(14,)",0
42,15,"(15,)",0
42,16,"(16,)",0
42,17,"(17,)",0
42,18,"(18,)",0
42,19,"(19,)",1
42,20,"(20,)",1
42,21,"(21,)",1
42,22,"(22,)",1
42,23,"(23,)",1
42,24,"(24,)",0
42,25,"(25,)",1
42,26,"(26,)",1
42,27,"(27,)",1
42,28,"(28,)",0
42,29,"(29,)",1
42,30,"(30,)",1
42,31,"(31,)",1
42,32,"(32,)",0
42,33,"(33,)",1
42,34,"(34,)",1
42,35,"(35,)",1
42,36,"(36,)",0
42,37,"(37,)",1
42,38,"(38,)",1
42,39,"(39,)",1
42,40,"(40,)",0
42,41,"(41,)",1
42,42,"(42,)",1
42,43,"(43,)",1
42,44,"(44,)",0
42,45,"(45,)",1
42,46,"(46,)",1
42,47,"(47,)",1
42,48,"(48,)",1
42,49,"(49,)",1
42,50,"(50,)",1
42,51,"(51,)",1
42,52,"(52,)",0
42,53,"(53,)",1
42,54,"(54,)",1
42,55,"(55,)",1
42,56,"(56,)",1
42,57,"(57,)",1
42,58,"(58,)",0
42,59,"(59,)",1
42,60,"(60,)",1
42,61,"(61,)",1
42,62,"(62,)",0
42,63,"(63,)",1
42,64,"(64,)",0
42,65,"(65,)",1
42,66,"(66,)",1
42,67,"(67,)",1
42,68,"(68,)",0
42,69,"(69,)",1
42,70,"(70,)",0
42,71,"(71,)",1
42,72,"(72,)",1
42,73,"(73,)",1
42,74,"(74,)",0
42,75,"(75,)",1
42,76,"(76,)",1
42,77,"(77,)",1
42,78,"(78,)",0
42,79,"(79,)",1
42,80,"(80,)",1
42,81,"(81,)",1
42,82,"(82,)",1
42,83,"(83,)",1
42,84,"(84,)",0
42,85,"(85,)",1
42,86,"(86,)",0
42,87,"(87,)",1
42,88,"(88,)",0
42,89,"(89,)",1
42,90,"(90,)",1
42,91,"(91,)",1
42,92,"(92,)",1
42,93,"(93,)",1
42,94,"(94,)",1
42,95,"(95,)",1
42,96,"(96,)",0
42,97,"(97,)",1
42,98,"(98,)",1
42,99,"(99,)",1
42,100,"(100,)",0
42,101,"(101,)",1
43,1,"(1,)",0
43,2,"(2,)",0
43,3,"(3,)",0
43,4,"(4,)",0
43,5,"(5,)",0
43,6,"(6,)",0
43,7,"(7,)",0
43,8,"(8,)",0
43,9,"(9,)",0
43,10,"(10,)",0
43,11,"(11,)",0
43,12,"(12,)",0
43,13,"(13,)",0
43,14,"(14,)",0
43,15,"(15,)",0
43,16,"(16,)",0
43,17,"(17,)",1
43,18,"(18,)",1
43,19,"(19,)",1
43,20,"(20,)",0
43,21,"(21,)",1
43,22,"(22,)",0
43,23,"(23,)",1
43,24,"(24,)",1
43,25,"(25,)",1
43,26,"(26,)",0
43,27,"(27,)",1
43,28,"(28,)",1
43,29,"(29,)",1
43,30,"(30,)",0
43,31,"(31,)",1
43,32,"(32,)",1
43,33,"(33,)",1
43,34,"(34,)",0
43,35,"(35,)",1
43,36,"(36,)",1
43,37,"(37,)",1
43,38,"(38,)",0
43,39,"(39,)",1
43,40,"(40,)",1
43,41,"(41,)",1
43,42,"(42,)",0
43,43,"(43,)",1
43,44,"(44,)",1
43,45,"(45,)",1
43,46,"(46,)",0
43,47,"(47,)",1
43,48,"(48,)",0
43,49,"(49,)",1
43,50,"(50,)",0
43,51,"(51,)",1
43,52,"(52,)",1
43,53,"(53,)",1
43,54,"(54,)",0
43,55,"(55,)",1
43,56,"(56,)",0
43,57,"(57,)",1
43,58,"(58,)",1
43,59,"(59,)",1
43,60,"(60,)",0
43,61,"(61,)",1
43,62,"(62,)",1
43,63,"(63,)",1
43,64,"(64,)",1
43,65,"(65,)",1
43,66,"(66,)",0
43,67,"(67,)",1
43,68,"(68,)",1
43,69,"(69,)",1
43,70,"(70,)",1
43,71,"(71,)",1
43,72,"(72,)",0
43,73,"(73,)",1
43,74,"(74,)",1
43,75,"(75,)",1
43,76,"(76,)",0
43,77,"(77,)",1
43,78,"(78,)",1
43,79,"(79,)",1
43,80,"(80,)",0
43,81,"(81,)",1
43,82,"(82,)",0
43,83,"(83,)",1
43,84,"(84,)",1
43,85,"(85,)",1
43,86,"(86,)",1
43,87,"(87,)",1
43,88,"(88,)",1
43,89,"(89,)",1
43,90,"(90,)",0
43,91,"(91,)",1
43,92,"(92,)",0
43,93,"(93,)",1
43,94,"(94,)",0
43,95,"(95,)",1
43,96,"(96,)",1
43,97,"(97,)",1
43,98,"(98,)",0
43,99,"(99,)",1
43,100,"(100,)",1
43,101,"(101,)",1
44,1,"(1,)",0
44,2,"(2,)",0
44,3,"(3,)",0
44,4,"(4,)",0
44,5,"(5,)",0
44,6,"(6,)",0
44,7,"(7,)",0
44,8,"(8,)",0
44,9,"(9,)",0
44,10,"(10,)",0
44,11,"(11,)",0
44,12,"(12,)",0
44,13,"(13,)",0
44,14,"(14,)",0
44,15,"(15,)",1
44,16,"(16,)",1
44,17,"(17,)",1
44,18,"(18,)",0
44,19,"(19,)",1
44,20,"(20,)",1
44,21,"(21,)",1
44,22,"(22,)",1
44,23,"(23,)",1
44,24,"(24,)",0
44,25,"(25,)",1
44,26,"(26,)",1
44,27,"(27,)",1
44,28,"(28,)",0
44,29,"(29,)",1
44,30,"(30,)",1
44,31,"(31,)",1
44,32,"(32,)",0
44,33,"(33,)",1
44,34,"(34,)",1
44,35,"(35,)",1
44,36,"(36,)",0
44,37,"(37,)",1
44,38,"(38,)",1
44,39,"(39,)",1
44,40,"(40,)",0
44,41,"(41,)",1
44,42,"(42,)",1
44,43,"(43,)",1
44,44,"(44,)",0
44,45,"(45,)",1
44,46,"(46,)",1
44,47,"(47,)",1
44,48,"(48,)",1
44,49,"(49,)",1
44,50,"(50,)",1
44,51,"(51,)",1
44,52,"(52,)",0
44,53,"(53,)",1
44,54,"(54,)",1
44,55,"(55,)",1
44,56,"(56,)",1
44,57,"(57,)",1
44,58,"(58,)",0
44,59,"(59,)",1
44,60,"(60,)",1
44,61,"(61,)",1
44,62,"(62,)",0
44,63,"(63,)",1
44,64,"(64,)",0
44,65,"(65,)",1
44,66,"(66,)",1
44,67,"(67,)",1
44,68,"(68,)",0
44,69,"(69,)",1
44,70,"(70,)",0
44,71,"(71,)",1
44,72,"(72,)",1
44,73,"(73,)",1
44,74,"(74,)",0
44,75,"(75,)",1
44,76,"(76,)",1
44,77,"(77,)",1
44,78,"(78,)",0
44,79,"(79,)",1
44,80,"(80,)",1
44,81,"(81,)",1
44,82,"(82,)",1
44,83,"(83,)",1
44,84,"(84,)",0
44,85,"(85,)",1
44,86,"(86,)",0
44,87,"(87,)",1
44,88,"(88,)",0
44,89,"(89,)",1
44,90,"(90,)",1
44,91,"(91,)",1
44,92,"(92,)",1
44,93,"(93,)",1
44,94,"(94,)",1
44,95,"(95,)",1
44,96,"(96,)",0
44,97,"(97,)",1
44,98,"(98,)",1
44,99,"(99,)",1
44,100,"(100,)",0
44,101,"(101,)",1
45,1,"(1,)",0
45,2,"(2,)",0
45,3,"(3,)",0
45,4,"(4,)",0
45,5,"(5,)",0
45,6,"(6,)",0
45,7,"(7,)",0
45,8,"(8,)",0
45,9,"(9,)",0
45,10,"(10,)",0
45,11,"(11,)",0
45,12,"(12,)",0
45,13,"(13,)",0
45,14,"(14,)",1
45,15,"(15,)",1
45,16,"(16,)",0
45,17,"(17,)",1
45,18,"(18,)",1
45,19,"(19,)",1
45,20,"(20,)",0
45,21,"(21,)",1
45,22,"(22,)",0
45,23,"(23,)",1
45,24,"(24,)",1
45,25,"(25,)",1
45,26,"(26,)",0
45,27,"(27,)",1
45,28,"(28,)",1
45,29,"(29,)",1
45,30,"(30,)",0
45,31,"(31,)",1
45,32,"(32,)",1
45,33,"(33,)",1
45,34,"(34,)",0
45,35,"(35,)",1
45,36,"(36,)",1
45,37,"(37,)",1
45,38,"(38,)",0
45,39,"(39,)",1
45,40,"(40,)",1
45,41,"(41,)",1
45,42,"(42,)",0
45,43,"(43,)",1
45,44,"(44,)",1
45,45,"(45,)",1
45,46,"(46,)",0
45,47,"(47,)",1
45,48,"(48,)",0
45,49,"(49,)",1
45,50,"(50,)",0
45,51,"(51,)",1
45,52,"(52,)",1
45,53,"(53,)",1
45,54,"(54,)",0
45,55,"(55,)",1
45,56,"(56,)",0
45,57,"(57,)",1
45,58,"(58,)",1
45,59,"(59,)",1
45,60,"(60,)",0
45,61,"(61,)",1
45,62,"(62,)",1
45,63,"(63,)",1
45,64,"(64,)",1
45,65,"(65,)",1
45,66,"(66,)",0
45,67,"(67,)",1
45,68,"(68,)",1
45,69,"(69,)",1
45,70,"(70,)",1
45,71,"(71,)",1
45,72,"(72,)",0
45,73,"(73,)",1
45,74,"(74,)",1
45,75,"(75,)",1
45,76,"(76,)",0
45,77,"(77,)",1
45,78,"(78,)",1
45,79,"(79,)",1
45,80,"(80,)",0
45,81,"(81,)",1
45,82,"(82,)",0
45,83,"(83,)",1
45,84,"(84,)",1
45,85,"(85,)",1
45,86,"(86,)",1
45,87,"(87,)",1
45,88,"(88,)",1
45,89,"(89,)",1
45,90,"(90,)",0
45,91,"(91,)",1
45,92,"(92,)",0
45,93,"(93,)",1
45,94,"(94,)",0
45,95,"(95,)",1
45,96,"(96,)",1
45,97,"(97,)",1
45,98,"(98,)",0
45,99,"(99,)",1
45,100,"(100,)",1
45,101,"(101,)",1
46,1,"(1,)",0
46,2,"(2,)",0
46,3,"(3,)",0
46,4,"(4,)",0
46,5,"(5,)",0
46,6,"(6,)",0
46,7,"(7,)",0
46,8,"(8,)",1
46,9,"(9,)",1
46,10,"(10,)",1
46,11,"(11,)",1
46,12,"(12,)",1
46,13,"(13,)",1
46,14,"(14,)",0
46,15,"(15,)",1
46,16,"(16,)",1
46,17,"(17,)",1
46,18,"(18,)",0
46,19,"(19,)",1
46,20,"(20,)",1
46,21,"(21,)",1
46,22,"(22,)",1
46,23,"(23,)",1
46,24,"(24,)",0
46,25,"(25,)",1
46,26,"(26,)",1
46,27,"(27,)",1
46,28,"(28,)",0
46,29,"(29,)",1
46,30,"(30,)",1
46,31,"(31,)",1
46,32,"(32,)",0
46,33,"(33,)",1
46,34,"(34,)",1
46,35,"(35,)",1
46,36,"(36,)",0
46,37,"(37,)",1
46,38,"(38,)",1
46,39,"(39,)",1
46,40,"(40,)",0
46,41,"(41,)",1
46,42,"(42,)",1
46,43,"(43,)",1
46,44,"(44,)",0
46,45,"(45,)",1
46,46,"(46,)",1
46,47,"(47,)",1
46,48,"(48,)",1
46,49,"(49,)",1
46,50,"(50,)",1
46,51,"(51,)",1
46,52,"(52,)",0
46,53,"(53,)",1
46,54,"(54,)",1
46,55,"(55,)",1
46,56,"(56,)",1
46,57,"(57,)",1
46,58,"(58,)",0
46,59,"(59,)",1
46,60,"(60,)",1
46,61,"(61,)",1
46,62,"(62,)",0
46,63,"(63,)",1
46,64,"(64,)",0
46,65,"(65,)",1
46,66,"(66,)",1
46,67,"(67,)",1
46,68,"(68,)",0
46,69,"(69,)",1
46,70,"(70,)",0
46,71,"(71,)",1
46,72,"(72,)",1
46,73,"(73,)",1
46,74,"(74,)",0
46,75,"(75,)",1
46,76,"(76,)",1
46,77,"(77,)",1
46,78,"(78,)",0
46,79,"(79,)",1
46,80,"(80,)",1
46,81,"(81,)",1
46,82,"(82,)",1
46,83,"(83,)",1
46,84,"(84,)",0
46,85,"(85,)",1
46,86,"(86,)",0
46,87,"(87,)",1
46,88,"(88,)",0
46,89,"(89,)",1
46,90,"(90,)",1
46,91,"(91,)",1
46,92,"(92,)",1
46,93,"(93,)",1
46,94,"(94,)",1
46,95,"(95,)",1
46,96,"(96,)",0
46,97,"(97,)",1
46,98,"(98,)",1
46,99,"(99,)",1
46,100,"(100,)",0
46,101,"(101,)",1
47,1,"(1,)",0
47,2,"(2,)",0
47,3,"(3,)",0
47,4,"(4,)",0
47,5,"(5,)",0
47,6,"(6,)",0
47,7,"(7,)",1
47,8,"(8,)",0
47,9,"(9,)",1
47,10,"(10,)",0
47,11,"(11,)",1
47,12,"(12,)",0
47,13,"(13,)",1
47,14,"(14,)",1
47,15,"(15,)",1
47,16,"(16,)",0
47,17,"(17,)",1
47,18,"(18,)",1
47,19,"(19,)",1
47,20,"(20,)",0
47,21,"(21,)",1
47,22,"(22,)",0
47,23,"(23,)",1
47,24,"(24,)",1
47,25,"(25,)",1
47,26,"(26,)",0
47,27,"(27,)",1
47,28,"(28,)",1
47,29,"(29,)",1
47,30,"(30,)",0
47,31,"(31,)",1
47,32,"(32,)",1
47,33,"(33,)",1
47,34,"(34,)",0
47,35,"(35,)",1
47,36,"(36,)",1
47,37,"(37,)",1
47,38,"(38,)",0
47,39,"(39,)",1
47,40,"(40,)",1
47,41,"(41,)",1
47,42,"(42,)",0
47,43,"(43,)",1
47,44,"(44,)",1
47,45,"(45,)",1
47,46,"(46,)",0
47,47,"(47,)",1
47,48,"(48,)",0
47,49,"(49,)",1
47,50,"(50,)",0
47,51,"(51,)",1
47,52,"(52,)",1
47,53,"(53,)",1
47,54,"(54,)",0
47,55,"(55,)",1
47,56,"(56,)",0
47,57,"(57,)",1
47,58,"(58,)",1
47,59,"(59,)",1
47,60,"(60,)",0
47,61,"(61,)",1
47,62,"(62,)",1
47,63,"(63,)",1
47,64,"(64,)",1
47,65,"(65,)",1
47,66,"(66,)",0
47,67,"(67,)",1
47,68,"(68,)",1
47,69,"(69,)",1
47,70,"(70,)",1
47,71,"(71,)",1
47,72,"(72,)",0
47,73,"(73,)",1
47,74,"(74,)",1
47,75,"(75,)",1
47,76,"(76,)",0
47,77,"(77,)",1
47,78,"(78,)",1
47,79,"(79,)",1
47,80,"(80,)",0
47,81,"(81,)",1
47,82,"(82,)",0
47,83,"(83,)",1
47,84,"(84,)",1
47,85,"(85,)",1
47,86,"(86,)",1
47,87,"(87,)",1
47,88,"(88,)",1
47,89,"(89,)",1
47,90,"(90,)",0
47,91,"(91,)",1
47,92,"(92,)",0
47,93,"(93,)",1
47,94,"(94,)",0
47,95,"(95,)",1
47,96,"(96,)",1
47,97,"(97,)",1
47,98,"(98,)",0
47,99,"(99,)",1
47,100,"(100,)",1
47,101,"(101,)",1
48,1,"(1,)",0
48,2,"(2,)",0
48,3,"(3,)",0
48,4,"(4,)",0
48,5,"(5,)",0
48,6,"(6,)",1
48,7,"(7,)",1
48,8,"(8,)",1
48,9,"(9,)",1
48,10,"(10,)",1
48,11,"(11,)",1
48,12,"(12,)",1
48,13,"(13,)",1
48,14,"(14,)",0
48,15,"(15,)",1
48,16,"(16,)",1
48,17,"(17,)",1
48,18,"(18,)",0
48,19,"(19,)",1
48,20,"(20,)",1
48,21,"(21,)",1
48,22,"(22,)",1
48,23,"(23,)",1
48,24,"(24,)",0
48,25,"(25,)",1
48,26,"(26,)",1
48,27,"(27,)",1
48,28,"(28,)",0
48,29,"(29,)",1
48,30,"(30,)",1
48,31,"(31,)",1
48,32,"(32,)",0
48,33,"(33,)",1
48,34,"(34,)",1
48,35,"(35,)",1
48,36,"(36,)",0
48,37,"(37,)",1
48,38,"(38,)",1
48,39,"(39,)",1
48,40,"(40,)",0
48,41,"(41,)",1
48,42,"(42,)",1
48,43,"(43,)",1
48,44,"(44,)",0
48,45,"(45,)",1
48,46,"(46,)",1
48,47,"(47,)",1
48,48,"(48,)",1
48,49,"(49,)",1
48,50,"(50,)",1
48,51,"(51,)",1
48,52,"(52,)",0
48,53,"(53,)",1
48,54,"(54,)",1
48,55,"(55,)",1
48,56,"(56,)",1
48,57,"(57,)",1
48,58,"(58,)",0
48,59,"(59,)",1
48,60,"(60,)",1
48,61,"(61,)",1
48,62,"(62,)",0
48,63,"(63,)",1
48,64,"(64,)",0
48,65,"(65,)",1
48,66,"(66,)",1
48,67,"(67,)",1
48,68,"(68,)",0
48,69,"(69,)",1
48,70,"(70,)",0
48,71,"(71,)",1
48,72,"(72,)",1
48,73,"(73,)",1
48,74,"(74,)",0
48,75,"(75,)",1
48,76,"(76,)",1
48,77,"(77,)",1
48,78,"(78,)",0
48,79,"(79,)",1
48,80,"(80,)",1
48,81,"(81,)",1
48,82,"(82,)",1
48,83,"(83,)",1
48,84,"(84,)",0
48,85,"(85,)",1
48,86,"(86,)",0
48,87,"(87,)",1
48,88,"(88,)",0
48,89,"(89,)",1
48,90,"(90,)",1
48,91,"(91,)",1
48,92,"(92,)",1
48,93,"(93,)",1
48,94,"(94,)",1
48,95,"(95,)",1
48,96,"(96,)",0
48,97,"(97,)",1
48,98,"(98,)",1
48,99,"(99,)",1
48,100,"(100,)",0
48,101,"(101,)",1
49,1,"(1,)",0
49,2,"(2,)",0
49,3,"(3,)",1
49,4,"(4,)",1
49,5,"(5,)",1
49,6,"(6,)",0
49,7,"(7,)",1
49,8,"(8,)",0
49,9,"(9,)",1
49,10,"(10,)",0
49,11,"(11,)",1
49,12,"(12,)",0
49,13,"(13,)",1
49,14,"(14,)",1
49,15,"(15,)",1
49,16,"(16,)",0
49,17,"(17,)",1
49,18,"(18,)",1
49,19,"(19,)",1
49,20,"(20,)",0
49,21,"(21,)",1
49,22,"(22,)",0
49,23,"(23,)",1
49,24,"(24,)",1
49,25,"(25,)",1
49,26,"(26,)",0
49,27,"(27,)",1
49,28,"(28,)",1
49,29,"(29,)",1
49,30,"(30,)",0
49,31,"(31,)",1
49,32,"(32,)",1
49,33,"(33,)",1
49,34,"(34,)",0
49,35,"(35,)",1
49,36,"(36,)",1
49,37,"(37,)",1
49,38,"(38,)",0
49,39,"(39,)",1
49,40,"(40,)",1
49,41,"(41,)",1
49,42,"(42,)",0
49,43,"(43,)",1
49,44,"(44,)",1
49,45,"(45,)",1
49,46,"(46,)",0
49,47,"(47,)",1
49,48,"(48,)",0
49,49,"(49,)",1
49,50,"(50,)",0
49,51,"(51,)",1
49,52,"(52,)",1
49,53,"(53,)",1
49,54,"(54,)",0
49,55,"(55,)",1
49,56,"(56,)",0
49,57,"(57,)",1
49,58,"(58,)",1
49,59,"(59,)",1
49,60,"(60,)",0
49,61,"(61,)",1
49,62,"(62,)",1
49,63,"(63,)",1
49,64,"(64,)",1
49,65,"(65,)",1
49,66,"(66,)",0
49,67,"(67,)",1
49,68,"(68,)",1
49,69,"(69,)",1
49,70,"(70,)",1
49,71,"(71,)",1
49,72,"(72,)",0
49,73,"(73,)",1
49,74,"(74,)",1
49,75,"(75,)",1
49,76,"(76,)",0
49,77,"(77,)",1
49,78,"(78,)",1
49,79,"(79,)",1
49,80,"(80,)",0
49,81,"(81,)",1
49,82,"(82,)",0
49,83,"(83,)",1
49,84,"(84,)",1
49,85,"(85,)",1
49,86,"(86,)",1
49,87,"(87,)",1
49,88,"(88,)",1
49,89,"(89,)",1
49,90,"(90,)",0
49,91,"(91,)",1
49,92,"(92,)",0
49,93,"(93,)",1
49,94,"(94,)",0
49,95,"(95,)",1
49,96,"(96,)",1
49,97,"(97,)",1
49,98,"(98,)",0
49,99,"(99,)",1
49,100,"(100,)",1
49,101,"(101,)",1
50,1,"(1,)",1
50,2,"(2,)",1
50,3,"(3,)",1
50,4,"(4,)",0
50,5,"(5,)",1
50,6,"(6,)",1
50,7,"(7,)",1
50,8,"(8,)",1
50,9,"(9,)",1
50,10,"(10,)",1
50,11,"(11,)",1
50,12,"(12,)",1
50,13,"(13,)",1
50,14,"(14,)",0
50,15,"(15,)",1
50,16,"(16,)",1
50,17,"(17,)",1
50,18,"(18,)",0
50,19,"(19,)",1
50,20,"(20,)",1
50,21,"(21,)",1
50,22,"(22,)",1
50,23,"(23,)",1
50,24,"(24,)",0
50,25,"(25,)",1
50,26,"(26,)",1
50,27,"(27,)",1
50,28,"(28,)",0
50,29,"(29,)",1
50,30,"(30,)",1
50,31,"(31,)",1
50,32,"(32,)",0
50,33,"(33,)",1
50,34,"(34,)",1
50,35,"(35,)",1
50,36,"(36,)",0
50,37,"(37,)",1
50,38,"(38,)",1
50,39,"(39,)",1
50,40,"(40,)",0
50,41,"(41,)",1
50,42,"(42,)",1
50,43,"(43,)",1
50,44,"(44,)",0
50,45,"(45,)",1
50,46,"(46,)",1
50,47,"(47,)",1
50,48,"(48,)",1
50,49,"(49,)",1
50,50,"(50,)",1
50,51,"(51,)",1
50,52,"(52,)",0
50,53,"(53,)",1
50,54,"(54,)",1
50,55,"(55,)",1
50,56,"(56,)",1
50,57,"(57,)",1
50,58,"(58,)",0
50,59,"(59,)",1
50,60,"(60,)",1
50,61,"(61,)",1
50,62,"(62,)",0
50,63,"(63,)",1
50,64,"(64,)",0
50,65,"(65,)",1
50,66,"(66,)",1
50,67,"(67,)",1
50,68,"(68,)",0
50,69,"(69,)",1
50,70,"(70,)",0
50,71,"(71,)",1
50,72,"(72,)",1
50,73,"(73,)",1
50,74,"(74,)",0
50,75,"(75,)",1
50,76,"(76,)",1
50,77,"(77,)",1
50,78,"(78,)",0
50,79,"(79,)",1
50,80,"(80,)",1
50,81,"(81,)",1
50,82,"(82,)",1
50,83,"(83,)",1
50,84,"(84,)",0
50,85,"(85,)",1
50,86,"(86,)",0
50,87,"(87,)",1
50,88,"(88,)",0
50,89,"(89,)",1
50,90,"(90,)",1
50,91,"(91,)",1
50,92,"(92,)",1
50,93,"(93,)",1
50,94,"(94,)",1
50,95,"(95,)",1
50,96,"(96,)",0
50,97,"(97,)",1
50,98,"(98,)",1
50,99,"(99,)",1
50,100,"(100,)",0
50,101,"(101,)",1
